Sensitive Respiratory Syndrome from CC,Specific Respiratory Syndrome from CC,Sensitive GI Syndrome from CC,Specific GI Syndrome from CC,Constitutional Syndrome from CC,Influenza-like Syndrome from CC,Concept Name,Sub-concept Name,"Relation to Concept Name (Concept name, Related concept, Synonym)",Inclusion Keywords and Patterns for CC,Exclusion Keywords and Patterns,SNOMED Concept,SNOMED Code,MeSH Code,ICD-9 Code,CCC_ComplaintID,CCC_Title,"keywords, regular expressions and CUIS"
1,1,0,0,0,0,Dyspnea,Dyspnea,Concept name,"dyspne*, yspnec, dyspneic, dyspnic, ",,Dyspnea (finding),[267036007],C08.618.326,786.00,157,Breathing Difficulty,dyspne* [\bdyspne.*?\b] [C0013404:DYSPNOEA]:::yspnec [\byspnec\b] [C0013404:DYSPNOEA]:::dyspneic [\bdyspneic\b] [C0013404:DYSPNOEA]:::dyspnic [\bdyspnic\b] [C0013404:DYSPNOEA]:::
1,1,0,0,0,0,Dyspnea,RespiratoryDistress,Related concept,"resp(iratory) dist(ress), respiratiory dist(ress), respitory dist(ress), respr dist(ress), resp(iratory) destress, respiratiory destress, respitory destress, respr(iatory) destress, respitory stress, respiratiory stress, respitory stress, respr(iatory) stress, braeth*, breaht*, breath*, breat(hing) diff(iculty), breat(hing) funny, breat(hing) hard, breat(hing) heav(y/ily), breat(hing) issue, breat(hing) prob(lems), breat(hing) troub(le),  coarse breat(hing), course breat(hing), diff(iculty) breat(hing), ard to breat(he), heavy breat(hing), hyperventilating, hyperventilation, labored breat(hing), prob(lem) breat(hing), resp(iratory) breat(hing), respiratiory breat(hing), respitory breat(hing), respr(iatory) breat(hing), resp(iratory) diff(iculty), respiratiory diff(iculty), respitory diff(iculty), respr diff(iculty), resp(iratory) prob(lems), respiratiory prob(lems), respitory prob(lems), respr(iatory) prob(lems), resp(iratory) troub(le), respiratiory troub(le), respitory troub(le), respr(iatory) troub(le), retracting, shallow breat(hing), troub(le) breat(hing),  wob, work of br(eathing)",,Dyspnea (finding),[267036007],C08.381.840,786.00,157,Breathing Difficulty,resp(iratory) dist(ress) [\bresp.*?\s+dist.*?\b] [C0476273:Respiratory distress]:::respiratiory dist(ress) [\bresp.*?\s+dist.*?\b] [C0476273:Respiratory distress]:::respitory dist(ress) [\bresp.*?\s+dist.*?\b] [C0476273:Respiratory distress]:::respr dist(ress) [\bresp.*?\s+dist.*?\b] [C0476273:Respiratory distress]:::resp(iratory) destress [\bresp.*?\s+dest.*?\b] [C0476273:Respiratory distress]:::respiratiory destress [\bresp.*?\s+dest.*?\b] [C0476273:Respiratory distress]:::respitory destress [\bresp.*?\s+dest.*?\b] [C0476273:Respiratory distress]:::respr(iatory) destress [\bresp.*?\s+dest.*?\b] [C0476273:Respiratory distress]:::respitory stress [\bresp.*?\s+stres.*?\b] [C0476273:Respiratory distress]:::respiratiory stress [\bresp.*?\s+stres.*?\b] [C0476273:Respiratory distress]:::respitory stress [\bresp.*?\s+stres.*?\b] [C0476273:Respiratory distress]:::respr(iatory) stress [\bresp.*?\s+stres.*?\b] [C0476273:Respiratory distress]:::braeth* [\bbraeth.*?\b] [C0013404:Breathless]:::breaht* [\bbreaht.*?\b] [C0013404:Breathless]:::breath* [\bbreath.*?\b] [C0013404:Breathless]:::breat(hing) diff(iculty) [\bbreat.*?\s+diff.*?\b] [C0013404:Breathing Difficulties (Dyspnea)]:::breat(hing) funny [\bbreath.*?\s+funny\b][C0013404:Breathing Difficulties (Dyspnea)]:::breat(hing) hard [\bbreat.*?\s+hard\b][C0013404:Breathing Difficulties (Dyspnea)]:::breat(hing) heav(y/ily) [\bbreat.*?\s+heav.*?\b] [C0013404:Breathing Difficulties (Dyspnea)]:::breat(hing) issue [\bbreat.*?\s+issue\b] [C0013404:Breathing Difficulties (Dyspnea)]:::breat(hing) prob(lems) [\bbreat.*?\s+prob.*?\b] [C0013404:Breathing Difficulties (Dyspnea)]:::breat(hing) troub(le) [\bbreat.*?\s+tro.*?\b] [C0013404:Breathing Difficulties (Dyspnea)]:::coarse breat(hing) [\bcoarse\s+breat.*?\b] [C0476273:Respiratory distress]:::course breat(hing) [\bcourse\s+breat.*?\b] [C0476273:Respiratory distress]:::diff(iculty) breat(hing) [\bdiffi.*?\s+breat.*?\b][C0013404:Breathing Difficulties (Dyspnea)]:::ard to breat(he) [\bh*ard\s+to\s+breat.*?\b] [C0013404:Breathing Difficulties (Dyspnea)]:::heavy breat(hing) [\bheavy\s+breat.*?\b] [C0013404:Breathing Difficulties (Dyspnea)]:::hyperventilating [\bhyperventil.*?\b] [C0020578:Hyperventilating]:::hyperventilation [\bhyperventil.*?\b] [C0020578:Hyperventilating]:::labored breat(hing) [\blabou?red\s+breat.*?\b ][C0476273:Respiratory distress]:::prob(lem) breat(hing) [\bprob.*?\s+breat.*?\b] [C0476273:Respiratory distress]:::resp(iratory) breat(hing) [\bresp.*?\s+breat.*?\b] [C0476273:Respiratory distress]:::respiratiory breat(hing) [\bresp.*?\s+breat.*?\b] [C0476273:Respiratory distress]:::respitory breat(hing) [\bresp.*?\s+breat.*?\b] [C0476273:Respiratory distress]:::respr(iatory) breat(hing) [\bresp.*?\s+breat.*?\b] [C0476273:Respiratory distress]:::resp(iratory) diff(iculty) [\bresp.*?\s+diff.*?\b] [C0476273:Respiratory distress]:::respiratiory diff(iculty) [\bresp.*?\s+diff.*?\b] [C0476273:Respiratory distress]:::respitory diff(iculty) [\bresp.*?\s+diff.*?\b] [C0476273:Respiratory distress]:::respr diff(iculty) [\bresp.*?\s+diff.*?\b] [C0476273:Respiratory distress]:::resp(iratory) prob(lems) [\bresp.*?\s+prob.*?\b] [C0476273:Respiratory distress]:::respiratiory prob(lems) [\bresp.*?\s+prob.*?\b] [C0476273:Respiratory distress]:::respitory prob(lems) [\bresp.*?\s+prob.*?\b] [C0476273:Respiratory distress]:::respr(iatory) prob(lems) [\bresp.*?\s+prob.*?\b] [C0476273:Respiratory distress]:::respiratiory troub(le) [\bresp.*?\s+troub.*?\b] [C0476273:Respiratory distress]:::resp(iratory) troub(le) [\bresp.*?\s+troub.*?\b] [C0476273:Respiratory distress] :::respitory troub(le) [\bresp.*?\s+troub.*?\b] [C0476273:Respiratory distress]:::respr(iatory) troub(le) [\bresp.*?\s+troub.*?\b] [C0476273:Respiratory distress]:::retracting [\bretracting\b] [C0476273:Respiratory distress]:::shallow breat(hing) [\bshallow\s+breat.*?\b] [C0221161:Shallow breathing]:::troub(le) breat(hing) [\btroub.*?\s+breat.*?\b] [C0013404:Breathing Difficulties (Dyspnea)]:::wob [\bwob\b][C0013404:Breathing Difficulties (Dyspnea)]:::work of br(eathing) [\bwork\s+of\s+br.*?\b][C0013404:Breathing Difficulties (Dyspnea:::)]:::pneumonia-resp distress [\bpneu.*?(\/|-|\s+)+resp.*?\s+distress\b] [C0476273:Respiratory distress]:::
1,1,0,0,0,0,Dyspnea,Gasping,Related concept,gasping,,Gasping for breath (finding),[23141003],C08.618.326,786.00,157,Breathing Difficulty,gasping [\bgasping\b] [C0425449:Gasping]:::
1,1,0,0,0,0,Dyspnea,ShortnessOfBreath,Synonym,"sob, s.o.b., s. o. b., sov, shob, short(ness) of br(eath), ",,Gasping for breath (finding),[267036007],C08.618.326,786.00,157,Breathing Difficulty,sob [\bsob\b] [C0392680:SOB (Shortness of Breath)]:::s.o.b. [\bs\.\s*o\.b\.\s+\b] [C0392680:SOB (Shortness of Breath)]:::s. o. b. [\bs\.\s*o\.b\.\s+\b] [C0392680:SOB (Shortness of Breath)]:::sov [\bsov\b][C0392680:SOB (Shortness of Breath)]:::shob [\bshob\b] [C0392680:SOB (Shortness of Breath)]:::short(ness) of br(eath) [\b(short|shortness)\s+of\s+(br|breath)\b][C0392680:SOB (Shortness of Breath)]:::
1,1,0,0,0,0,Dyspnea,CannotBreathe,Synonym,"can't breat(he), cant breat(he), can t breat(he), cannot breat(he), hnot breat(hing) ",,Gasping for breath (finding),[267036007],C08.618.326,786.00,157,Breathing Difficulty,can't breat(he) [\bcan.*t\s+breat.*?\b] [C0013404:Breathing Difficulties (Dyspnea)]:::cant breat(he) [\bcan.*t\s+breat.*?\b] [C0013404:Breathing Difficulties (Dyspnea)]:::can t breat(he) [\bcan.*t\s+breat.*?\b] [C0013404:Breathing Difficulties (Dyspnea)]:::cannot breat(he) [\bcan.*t\s+breat.*?\b] [C0013404:Breathing Difficulties (Dyspnea)]:::not breat(hing) [\bnot\s+breat.*?\b] [C0013404:Breathing Difficulties (Dyspnea)]:::
1,1,0,0,0,0,LowerRespiratoryInfection,LowerRespiratoryInfection,Concept name,"LRTI, lower respiratory infection",,Lower respiratory tract infection (disorder),[50417007],C01.539.739,934.90,157,Breathing Difficulty,lower respiratory infection  [\blower\s+resp.*?\s+infec.*?\b] [C0035243:respiratory infection]:::LRTI [\blrti\b] [C0035243:respiratory infection] :::
1,1,0,0,0,0,Tachypnea,Tachypnea,Concept name,"tachypnea, tachypneic, tachyp",,Tachypnea (finding),[271823003],,786.06,157,Breathing Difficulty,tachypnea [\btachypnea\b] [C0231835:(D)Tachypnea]:::tachypneic [\btachypneic\b] [C0231835:(D)Tachypnea]:::tachyp [\btachyp\b] [C0231835:(D)Tachypnea]:::
1,1,0,0,0,0,Tachypnea,IncreasedRespiratoryRate,Synonym,"increased RR, inc RR, inc. RR, inc resp%rate, inc. resp%rate, increased resp%rate, respiratory rate",decrease* resp*  [\bdecr.*?\s+resp.*?\b]:::,Tachypnea (finding),[271823003],,786.06,157,Breathing Difficulty,increased RR [\bincreased\s+rr\b] [C0231835:(D)Tachypnea]:::inc RR [\binc\.?\s+rr] [C0231835:(D)Tachypnea]:::inc. RR [\binc\.?\s+rr] [C0231835:(D)Tachypnea]:::inc. resp%rate [\binc.*?\sresp(\%|\.|\s+)rate\b] [C0231835:(D)Tachypnea]:::increased resp%rate [\binc.*?\sresp(\%|\.|\s+)rate\b] [C0231835:(D)Tachypnea]:::respiratory rate [\brespiratory\s+rate\b] [C0231835:(D)Tachypnea]:::increased resp [\binc.*?\s+resp.*?\b] [C0231835:(D)Tachypnea]:::increased respiratory [\binc.*?\s+resp.*?\b] [C0231835:(D)Tachypnea]:::breathing fast [\bbrea.*?fast.*?\b] [C0231835:(D)Tachypnea]:::rapid breathing [\brapid\s+breat.*?\b] [C0231835:(D)Tachypnea]:::rapid respiration [\brapid\s+resp.*?\b] [C0231835:(D)Tachypnea]:::breathing rapid [\bbreat.*?\s+rapid.*?\b] [C0231835:(D)Tachypnea]:::fast breat [\bfast\s+?breat.*?\b] [C0231835:(D)Tachypnea]:::rapid breat [\brapid\s+breat.*?\b] [C0231835:(D)Tachypnea]:::rapid resp [\brapid\s+resp.*?\b][C0231835:(D)Tachypnea]:::
1,1,0,0,0,0,Tachypnea,IncreasedRespiration,synonym,"increased resp, increased respiratory, breathing fast, rapid breathing, rapid respiration, breathing rapid, fast breat, rapid breat, rapid resp, ",,Tachypnea (finding),[271823003],,786.06,157,Breathing Difficulty,increased resp [\binc.*?\s+resp.*?\b] [C0231835:(D)Tachypnea]:::increased respiratory [\binc.*?\s+resp.*?\b] [C0231835:(D)Tachypnea]:::breathing fast [\bbrea.*?fast.*?\b] [C0231835:(D)Tachypnea]:::rapid breathing [\brapid\s+breat.*?\b] [C0231835:(D)Tachypnea]:::rapid respiration [\brapid\s+resp.*?\b] [C0231835:(D)Tachypnea]:::breathing rapid [\bbreat.*?\s+rapid.*?\b] [C0231835:(D)Tachypnea]:::fast breat [\bfast\s+?breat.*?\b] [C0231835:(D)Tachypnea]:::rapid breat [\brapid\s+breat.*?\b] [C0231835:(D)Tachypnea]:::rapid resp [\brapid\s+resp.*?\b][C0231835:(D)Tachypnea]:::
1,1,0,0,0,1,Cough,Cough,Concept name,"cough,copugh,couch,coug,cough,cough+fever,coughed,coughing,cough, couh",,Cough (finding),[49727002],C08.618.248,786.20,15,Cough,cough [\bcough\b] [C0010200:Cough]:::copugh [\bcopugh\b] [C0010200:Cough] :::couch [\bcouch\b] [C0010200:Cough]:::coug [\coug\b] [C0010200:Cough]:::cough+fever [\bcough\s*\+fever\b] [C0010200:Cough]:::coughed [\bcoughed\b] [C0010200:Cough]:::coughing [\bcoughing\b] [C0010200:Cough]:::couh [\bcouh\b] [C0010200:Cough]:::
1,1,0,0,0,1,Cough,Pertussis,Related concept,"pertusis, pertussis,post-tussive emesis,whooping",,Pertussis (disorder),[27836007] ,C01.539.739.969,786.20,15,Cough,pertusis [\bpertus+is\b] [C0043167:Pertussis]:::pertussis [\bpertus+is\b] [C0043167:Pertussis]:::post-tussive [\bpost\-?tus+ive\b] [C0043167:Pertussis]:::whooping [\bwhooping\b] [C0043167:Pertussis]:::
1,1,0,0,0,1,Cough,Croup,Related concept,"croup,croupy,barky cough, barking cough, bark*",,Croup (disorder),[71186008],C08.360.535.365,786.20,356,Croup,croup [\bcroupy?\b] [C0010380:Croup]:::croupy [\bcroupy?\b] [C0010380:Croup]:::barky cough [\bbark.*?\s+cough.*?\b] [C0010380:Croup]:::barking cough [\bbark.*?\s+cough.*?\b] [C0010380:Croup]:::bark* [\bbark.*?\b] [C0010380:Croup]:::
1,1,0,0,0,1,Cough,ProductiveCough,Related concept,"phlegm, sputum, productive",,Productive cough (finding),[28743005],C08.360.535.365,786.20,15,Cough,phlegm [\bphlegm\b] [C0239134:Productive cough NOS]:::sputum [\bsputum\b] [C0239134:Productive cough NOS]:::productive [\bproductive\b] [C0239134:Productive cough NOS]:::
1,1,0,0,0,0,Hemoptysis,Hemoptysis,Concept name,"bloddy cough,bringing up blood,hemoptisis,hemoptosis,hemoptysis,hemopysis,hemotypsis,blood + cough,blood + spit,coughing up blood, cough + blood",,Hemoptysis (finding) ,[66857006],C08.381.348,786.30,2,Hemoptysis,bloddy cough [\bblo.*?dy\s+cough\b] [C0019079:HAEMOPTYSIS (Hemoptysis)]:::bringing up blood [\bbringing\s+up\s+blood\b] [C0019079:HAEMOPTYSIS (Hemoptysis)]:::hemoptisis [\bhemopt.sis\b] [C0019079:HAEMOPTYSIS (Hemoptysis)]:::hemoptosis [\bhemopt.sis\b] [C0019079:HAEMOPTYSIS (Hemoptysis)]:::hemoptysis [\bhemopysis\b] [C0019079:HAEMOPTYSIS (Hemoptysis)]:::hemopysis [\bhemopysis\b] [C0019079:HAEMOPTYSIS (Hemoptysis)]:::hemotypsis [\bhemotypsis\b] [C0019079:HAEMOPTYSIS (Hemoptysis)]:::blood + cough [\bblood\s*\+\s*cough\b] [C0019079:HAEMOPTYSIS (Hemoptysis)]:::blood + spit [\bblood\s*\+\s*spit\b] [C0019079:HAEMOPTYSIS (Hemoptysis)]:::coughing up blood [\bcough.*?\s+up\s+blood\b] [C0019079:HAEMOPTYSIS (Hemoptysis)]:::cough + blood [\bcough.*?\s*\+blood\b] [C0019079:HAEMOPTYSIS (Hemoptysis)]:::
1,1,0,0,0,0,Stridor,Stridor,Concept name,"stridor, noisy breathing",,Stridor (finding),[70407001] ,C23.888.852.779,786.10,356,Croup,stridor [\bstridor\b] [C0038450:Stridor]:::noisy breathing [\bnoisy\s+breathing\b] [C0237304:Noisy breathing]:::
1,1,0,0,0,1,Pneumonia,Pneumonia,Concept name,"pneumon*, pnuem*, pnumon*, PHEUMONIA, PHNEUMONIA, PNEAMONIA, PNEMONIA, PNEOMONIA, PNEUMMONIA, PNEUMONIAE, PNEUMONIE, PNUEMONIA,PUENMONIA,pna,pne,pneumonia,pneumonia,pneu,pneumonia,pneumonia,pneumonia-resp distress,pneumosepsis,pneuomoia,pneumonia,pna,pne,pnemonia,pneumonia,cap",,Pneumonia (disorder),[233604007],C08.381.677,486.00,157,Breathing Difficulty,pneumon* [\bpneumon.*?\b] [C0032285:Pneumonia]:::pnuem* [\bpnuem.*?\b] [C0032285:Pneumonia]:::pnumon* [\bpnumon.*?\b] [C0032285:Pneumonia]:::PHEUMONIA [\bpheumonia\b] [C0032285:Pneumonia]:::PHNEUMONIA [\bphneumonia\b] [C0032285:Pneumonia]:::PNEAMONIA [\bpneamonia\b] [C0032285:Pneumonia]:::PNEMONIA [\bpnemonia\b] [C0032285:Pneumonia]:::PNEOMONIA [\bpneomonia\b] [C0032285:Pneumonia]:::PNEUMMONIA [\bpneummonia\b] [C0032285:Pneumonia]:::PNEUMONIAE [\bpneumoniae\b] [C0032285:Pneumonia]:::PNEUMONIE [\bpneumonie\b] [C0032285:Pneumonia]:::PNUEMONIA [\bpnuemonia\b] [C0032285:Pneumonia]:::PUENMONIA [\bpuenmonia\b] [C0032285:Pneumonia]:::pna [\bpna\b] [C0032285:Pneumonia]:::pne [\bpne\b] [C0032285:Pneumonia]:::pneumonia [\bpneumonia\b] [C0032285:Pneumonia]:::pneumonia [\bpneumonia\b] [C0032285:Pneumonia]:::pneu [\bpneu\b] [C0032285:Pneumonia]:::pneumonia [\bpneumonia\b] [C0032285:Pneumonia]:::pneumonia [\bpneumonia\b] [C0032285:Pneumonia]:::pneumonia-resp distress [\bpneu.*?(\/|-|\s+)+resp.*?\s+distress\b] [C0032285:Pneumonia]:::pneumosepsis [\bpneumosepsis\b] [C0032285:Pneumonia]:::pneuomoia [\bpneuomoia\b] [C0032285:Pneumonia]:::pneumonia [\bpneumonia\b] [C0032285:Pneumonia]:::pna [\bpna\b] [C0032285:Pneumonia]:::pne [\bpne\b] [C0032285:Pneumonia]:::pnemonia [\bpnemonia\b] [C0032285:Pneumonia]:::pneumonia [\bpneumonia\b] [C0032285:Pneumonia]:::cap [\bcap\b] [C0032285:Pneumonia]:::
1,1,0,0,0,1,Pneumonia,Infiltrate,Related concept,"infiltrate,infiltr",,Infiltration (morphologic abnormality),[47351003],C08.381.677,486.00,157,Breathing Difficulty,infiltrate [\binfiltrate\b] [C0235896:PULMONARY INFILTRATE]:::infiltr [\binfiltr.*?\b] [C0235896:PULMONARY INFILTRATE]:::
1,1,0,0,0,1,Pneumonia,Pneumonitis,Synonym,"pneumonitis,pneumonitits",,Pneumonitis (disorder),[205237003],C08.381.677,486.00,157,Breathing Difficulty,pneumonitis [\bpneumonitis\b] [C0032285:Pneumonitis]:::pneumonitits [\bpneumonitits\b] [C0032285:Pneumonitis]:::
1,1,0,0,0,0,Wheezing,Wheezing,Concept name,"whez, heezing, heezing, weezing,wheeszing,wheeze,wheezing,wheezy,whezzing,weezing,wheeszing,wheeze,wheezing,wheezy,whezzing, ",,Wheezing (finding) ,[56018004],E01.370.386.720,786.07,301,Wheezing,whez [\bwhez.*?\b] [C0043144:Wheezing]:::wheezing [\bwheez.*?\b] [C0043144:Wheezing]:::weezing [\bweez.*?\b] [C0043144:Wheezing]:::wheeszing [\bwheez.*?\b] [C0043144:Wheezing]:::wheeze [\bwheez.*?\b] [C0043144:Wheezing]:::wheezy [\bwheez.*?\b] [C0043144:Wheezing]:::whezzing [\bwhez.*?\b] [C0043144:Wheezing]:::wheeszing [\bwhee*.?\b] [C0043144:Wheezing]:::wheeze [\bwheez.*?\b] [C0043144:Wheezing]:::wheezing [\bwheez.*?\b] [C0043144:Wheezing]:::wheezy [\bwheez.*?\b] [C0043144:Wheezing]:::whezzing [\bwhez.*?\b] [C0043144:Wheezing] :::
1,1,0,0,0,0,Wheezing,Asthma,Related concept,"asth*,asmtha,ashtma,astma,asyhma,azth*,asthma,asthama,asthmatic,asthma,asthma,asthma,asthmatic,asthmia,status,asthmaticus,ashtma,asma,asthama,asthamtic,asthma,asthmia,status,asthmaticus",,Asthma (disorder),[195967001],C08.127.108,493.00,154,Asthma Attack,asth* [\basth.*?\b] [C0004096:Asthma]:::asmtha [\basmtha\b] [C0004096:Asthma]:::ashtma [\bashtma\b] [C0004096:Asthma]:::astma [\bastma\b] [C0004096:Asthma]:::asyhma [\basyhma\b] [C0004096:Asthma]:::azth* [\bazth.*?\b] [C0004096:Asthma]:::asthma [\basthma\b] [C0004096:Asthma]:::asthama [\basthama\b] [C0004096:Asthma]:::asthmatic [\asthmatic\b] [C0004096:Asthma]:::asthma [\basthma\b] [C0004096:Asthma]:::asthmatic [\basthmatic\b] [C0004096:Asthma]:::asthmia [\basthmia\b] [C0004096:Asthma]:::status [\bstatus\b] [C0004096:Asthma]:::asthmaticus [\basthmaticus\b] [C0004096:Asthma]:::ashtma [\bashtma\b] [C0004096:Asthma]:::asma [\basma\b] [C0004096:Asthma]:::asthama [\basthama\b] [C0004096:Asthma]:::asthamtic [\asthamtic\b] [C0004096:Asthma]:::asthma [\basthma\b] [C0004096:Asthma]:::asthmia [\basthmia\b] [C0004096:Asthma]:::asthmaticus [\basthmaticus\b] [C0004096:Asthma]:::
1,1,0,0,0,0,Wheezing,ReactiveAirways,Related concept,"brochospasm, chest tight, r a d,rad,reactive airway disease, chest tightness",,Wheezing (finding) ,[56018004],C08.127.108,786.07,154,Asthma Attack,brochospasm [\bbro.?chospasm\b] [C0006266:Bronchial Spasm]:::chest tight [\bchest\s+tight\b] [C0232292:Chest tightness] :::r a d [\br(\s+|\.)?a(\s+|\.)?d(\s+|\.)?\b] [C0302862:Reactive airways disease]:::rad [\brad\b] [C0302862:Reactive airways disease]:::reactive airway disease [\breact.*?\s+airwa.*?\s+disea.*?\b] [C0302862:Reactive airways disease]:::chest tightness [\bchest\s+tight.*?\b] [C0302862:Reactive airways disease]:::
1,0,0,0,0,0,Rhinitis,Rhinitis,Concept name,rhinitis,,Rhinitis (disorder),[70076002],C08.460.799,472.00,63,Runny or Stuffy Nose,rhinitis [\brhin.*tis\b] [C0035455:Rhinitis]:::
1,0,0,0,0,0,Rhinitis,NasalCongestion,Synonym,"nasal stuffiness, stuffed nosed,stuffi,stuffy, nasel cong*, nasal cong*, nasal conj*, congested,",,Nasal congestion (finding) ,[68235000],C08.460.799,472.00,63,Runny or Stuffy Nose,nasal|nose + stuff*|cong*|conj* [\b(nasal|nose)(\s+|\+)+(stuff|con[jg]).*?\b] [C0027424:Nose congestion]:::
1,0,0,0,0,0,Rhinitis,Rhinorrhea,Related concept,"runny nose,running nose, rhinorrhea",,Nasal discharge (disorder),[64531003],C08.460.799,472.00,63,Runny or Stuffy Nose,runny nose [\brun.*?\s+nose\b] [C1260880:RHINORRHOEA]:::running nose [\brun.*?\s+nose\b] [C1260880:RHINORRHOEA]:::rhinorrhea [\brhin.*ea\b] [C1260880:RHINORRHOEA]:::
1,0,0,0,0,0,PleuriticPain,PleuriticPain,Concept name,"peluritic cp,pl cp,pl. chest discomfort,pleturic,pleur c.p.,pleuratic cp,pleuretic chest discomfort,pleuretic chest pain,pleuretic cp,pleuritic,pleuritic chest pain,pleuritic cp,pleurtic cp,plueritic cp,plurtic c.p, painful respiration,pl chest discomfort,pl cp, painful breat(hing)",,Pleuritic pain (finding),[2237002],C08.528.735,511.00,157,Breathing Difficulty,pleuritic pain [\bpleuritic\s+pain] [C0008033:Pleuritic pain]:::peluritic cp [\bpeluritic\s+cp\b] [C0008033:Pleuritic pain]:::pl cp [\bpl(\.|\s)+cp\b] [C0008033:Pleuritic pain]:::pl. chest discomfort [\bpl(\.|\s)+chest\s+disc.*?\b] [C0008033:Pleuritic pain]:::pleturic [\bpleturic\b] [C0008033:Pleuritic pain]:::pleur c.p. [\bpleur(\s|\.)+c(\.)?p\b] [C0008033:Pleuritic pain]:::pleuratic cp [\bpleuratic\s+cp\b] [C0008033:Pleuritic pain]:::pleuretic chest discomfort [\bpleur.*?\schest\s+disc.*?\b] [C0008033:Pleuritic pain]:::pleuretic chest pain [\bpleu.*?\s+chest\s+pain.*?\b] [C0008033:Pleuritic pain]:::pleuretic cp [\bpleuretic\s+cp\b] [C0008033:Pleuritic pain]:::pleuritic [\bpleuritic\b] [C0008033:Pleuritic pain]:::pleuritic chest pain [\bpleuritic\s+chest\s+pain.*?\b] [C0008033:Pleuritic pain]:::pleuritic cp [\bpleuritic\s+cp\b] [C0008033:Pleuritic pain]:::pleurtic cp [\bpleurtic\s+cp\b] [C0008033:Pleuritic pain]:::plueritic cp [\bplueritic\s+cp\b] [C0008033:Pleuritic pain]:::plurtic c.p [\bplurtic\s+c(\.)?p\b] [C0008033:Pleuritic pain]:::painful respiration [\bpainful\s+resp.*?\b] [C0008033:Pleuritic pain]:::pl chest discomfort [\bp(\.)?l(\.)?\s+chest\+disc.*?\b] [C0008033:Pleuritic pain]:::pl cp [\bpl(\.|\s)+pl\b] [C0008033:Pleuritic pain]:::painful breat* [\bpain.*?\s+breat.*?\b] [C0008033:Pleuritic pain]:::
1,0,0,0,0,0,PleuriticPain,Pleurisy,Synonym,"pleurisy, pluritis,",,Pleurisy (disorder) ,[196075003],C08.528.735,511.00,157,Breathing Difficulty,pleurisy [\bpleurisy\b] [C0032231:Pleurisy]:::pluritis [\bpluritis\b] [C0032231:Pleurisy]:::
1,0,0,0,0,1,SoreThroat,SoreThroat,Concept name,"sorethroat,soar throat,soarthroat,dorethroat,scratchy throat ,soerthroat,sore thr,sore thrat,sore throa,sore throat,sore trhoat,sorethroat,throat pain,burning in throat,pain(.*?)throat,soar throat,sopre throat,sor ethroat,sor throat,sore thoart,sore thoat,sore thorat,sore thoroat,sore thr,sore thraot,sore thriat,sore thro,sore thrt,sore tnroat,sore troat,sore(.*?)throat,sorethprat,sorethraot,soretroat,sorre throat,sort throat,sosre throat,swelling in throat,swollen throat,swollen uvula,throart swelling,throat ache,throat burning,throat discomfort,throat disconfort,throat drainage,throat dry,throat hurt,throat irr,throat irritation,throat itch,throat itich,throat pa,throat pn,throat sore,throat swel,throat swollen,throat tingling,throat(.*?)funny,throat(.*?)pain,throat(.*?)swelling,throat(.*?)tight,throatp,achey throat, scratchy throat,sore thort,sore thr,sore trhoat,sorethroat",,Pain in throat (finding),[162397003],C07.550.781,34.00,64,Sore Throat,sorethroat [\bsore\s?throat\b] [C0242429:SORETHROAT]:::soar throat [\bsore\s?throat\b] [C0242429:SORETHROAT]:::soarthroat [\bsoarthroat\b] [C0242429:SORETHROAT]:::dorethroat [\bdorethroat\b] [C0242429:SORETHROAT]:::scratchy throat [\bscratchy\s*throat\b] [C0700184:scratchy throat]:::soerthroat [\bsoerthroat\b] [C0242429:SORETHROAT]:::sore thr [\bsore\s*thr.*?\b] [C0242429:SORETHROAT]:::sore thrat [\bsore\s+thrat\b] [C0242429:SORETHROAT]:::sore throa [\bsore\s+throa\b] [C0242429:SORETHROAT]:::sore throat [\bsore\s+throat\b] [C0242429:SORETHROAT]:::sore trhoat [\bsore\strhoat\b] [C0242429:SORETHROAT]:::sorethroat [\bsorethroat\b] [C0242429:SORETHROAT]:::throat pain [\bthroat\s+pain\b] [C0242429:SORETHROAT]:::burning in throat [\bburn.*?\s+in\s+throat\b] [C0242429:SORETHROAT]:::pain* throat [\bpain.*?\sthroat\b] [C0242429:SORETHROAT]:::soar throat [\bsoar\s+throat\b] [C0242429:SORETHROAT]:::sopre throat [\bsopre\s+throat\b] [C0242429:SORETHROAT]:::sor ethroat [\bsor\s+ethroat\b] [C0242429:SORETHROAT]:::sor throat [\bsor\s+throat\b] [C0242429:SORETHROAT]:::sore thoart [\bsore\s+thoart\b] [C0242429:SORETHROAT]:::sore thoat [\bsore\s+throat\b] [C0242429:SORETHROAT]:::sore thorat [\bsore\s+thorat\b] [C0242429:SORETHROAT]:::sore thoroat [\bsore\s+thoroat\b] [C0242429:SORETHROAT]:::sore thr [\bsore\s+thr.*?\b] [C0242429:SORETHROAT]:::sore thraot [\bsore\s+thraot\b] [C0242429:SORETHROAT]:::sore thriat [\bsore\s+thriat\b] [C0242429:SORETHROAT]:::sore thro [\bsore.*?\s+thro.*?\b] [C0242429:SORETHROAT]:::sore thrt [\bsore\s+thrt\b] [C0242429:SORETHROAT]:::sore tnroat [\bsore\s+tnroat\b] [C0242429:SORETHROAT]:::sore troat [\bsore\s+troat\b] [C0242429:SORETHROAT]:::sorethprat [\bsorethprat\b] [C0242429:SORETHROAT]:::sorethraot [\bsorethraot\b] [C0242429:SORETHROAT]:::soretroat [\bsoretroat\b] [C0242429:SORETHROAT]:::sorre throat [\bsorre\s+throat\b]  [C0242429:SORETHROAT]:::sosre throat [\bsosre\s+throat\b] [C0242429:SORETHROAT]:::swelling in throat [\bswelling\s+in\s+throat\b] [C0242429:SORETHROAT]:::swollen throat [\bswo.*?\s+throat\b] [C0242429:SORETHROAT]:::swollen uvula [\bswol.*?\s+uvula\b] [C0242429:SORETHROAT]:::throart swelling [\bthroart\s+sw.*?\b] [C0242429:SORETHROAT]:::throat ache [\bthroat\s+ach.*?\b] [C0242429:SORETHROAT]:::throat burning [\bthroat\s+burn.*?\b] [C0242429:SORETHROAT]:::throat discomfort [\bthroat\s+disc.*?] [C0242429:SORETHROAT]:::throat disconfort [\bthroat\s+disc.*?] [C0242429:SORETHROAT]:::throat drainage [\bthroat\s+drain.*?\b] [C0242429:SORETHROAT]:::throat hurt [\bthroat\s+hurt.*?\b] [C0242429:SORETHROAT]:::throat irr [\bthroat\s+irr.*?\b] [C0700184:Throat irritation]:::throat irritation [\bthroat\s+irr.*?\b] [C0700184:Throat irritation]:::throat pa [\bthroat\s+pa.*?\b] [C0242429:SORETHROAT]:::throat pn [\bthroat\s+pn\b] [C0242429:SORETHROAT]:::throat sore [\bthroat\s+sor.*?\b] [C0242429:SORETHROAT]:::throat swel [\bthroat\s+swel.*?\b] [C0242429:SORETHROAT]:::throat swollen [\bthroat\s+sw.*?\b] [C0242429:SORETHROAT]:::throat tingling [\bthroat\s+ting.*?\b] [C0242429:SORETHROAT]:::throat(.*?)tight [\bthroat(.*?)tight\b] [C0242429:SORETHROAT]:::throatp [\bthroatp\b] [C0242429:SORETHROAT]:::achey throat [\bach.*?\s+throat\b] [C0242429:SORETHROAT]:::scratchy throat [\bscrat.*?\s+throat\b] [C0700184:scratchy throat]:::sore thort [\bsore\s+thort\b] [C0242429:SORETHROAT]:::sore thr [\bsore\s+thr\b] [C0242429:SORETHROAT]:::sore trhoat [\bsore\s+trhoat\b] [C0242429:SORETHROAT]:::sorethroat [\bsorethroat\b] [C0242429:SORETHROAT]:::
1,0,0,0,0,1,SoreThroat,Tonsillitis,Related concept,"tonsilitis,tonsilitis,tonsillitis,tonsulitis,inflammed tonsil,swollen tonsil,tonsil infection,tonsil pain,tonsil problem,tonsil swelling,tonsilar swelling,tonsilitis,tonsillar swelling,tonsilli,tonsillis,tonsilliti,tonsills infected,tonsils enlarged,tonsils infected,tonsils pain,tonsils swelled,tonsils(.*?)swollen,tonsilitis,tonsillitis,tonsulitis",,Tonsillitis (disorder),[90176007] ,C07.550.781,463.00,64,Sore Throat,tonsilitis [\btonsilitis\b] [C0040425:Tonsillitis]:::tonsillitis [\btonsillitis\b] [C0040425:Tonsillitis]:::tonsulitis [\btonsulitis\b] [C0040425:Tonsillitis]:::inflammed tonsil [\binflammed\s+tonsil.*?\b] [C0040425:Tonsillitis]:::swollen tonsil [\bswollen\s+tonsil\b] [C0040425:Tonsillitis]:::tonsil infection [\btonsil\s+infection\b] [C0040425:Tonsillitis]:::tonsil pain [\btonsil\s+pain.*?\b] [C0040425:Tonsillitis]:::tonsil problem [\btonsil\s+problem\b] [C0040425:Tonsillitis]:::tonsil swelling [\btonsil.*?\s+swel.*?\b] [C0040425:Tonsillitis]:::tonsilar swelling [\btons.*?\s+sw.*?\b] [C0040425:Tonsillitis]:::tonsilitis [\btonsil.*?\b] [C0040425:Tonsillitis]:::tonsillar swelling [\btonsil.*?\s+sw.*?\b] [C0040425:Tonsillitis]:::tonsilli [\btonsil.*?\b] [C0040425:Tonsillitis]:::tonsillis [\btonsil.*?\b] [C0040425:Tonsillitis]:::tonsilliti [\btonsil.*?\b] [C0040425:Tonsillitis]:::tonsills infected [\btonsil.*?\b] [C0040425:Tonsillitis]:::tonsils enlarged [\btonsil.*?\b] [C0040425:Tonsillitis]:::tonsils infected [\btonsil.*?\b] [C0040425:Tonsillitis]:::tonsils pain [\btonsil.*?\b] [C0040425:Tonsillitis]:::tonsils swelled [\btonsil.*?\b] [C0040425:Tonsillitis]:::tonsils swollen [\btonsil.*?\b] [C0040425:Tonsillitis]:::tonsilitis [\btonsil.*?\b] [C0040425:Tonsillitis]:::tonsillitis [\btonsil.*?\b] [C0040425:Tonsillitis]:::tonsulitis [\btonsul.*?\b] [C0040425:Tonsillitis]:::
1,0,0,0,0,1,SoreThroat,Pharyngitis,Related concept,"inflammed throat,pharyngitis,pharynsitis,pheryngitis,pustules in throat,strep,strep throat,inflamed throat,pharygitis,pharyngiits,pharyngitis,pharyngitits,pharyngotonsillitis,pharyngtis,pharynigitis,pharynitis,phayngitis,strep,throat inf,throat infec,pharingitis,pharyngitis,pharynsitis,pheryngitis",,Pharyngitis (disorder) ,[405737000],C07.550.781,462.00,64,Sore Throat,inflammed throat [\binflam.*?\s+throat\b] [C0031350:Pharyngitis]:::pharyngitis [\bpharyngitis\b] [C0031350:Pharyngitis]:::pharynsitis [\bpharynsitis\b] [C0031350:Pharyngitis]:::pheryngitis [\bpheryngitis\b] [C0031350:Pharyngitis]:::pustules in throat [\bpustul.*?\s+in\s+throat\b] [C0031350:Pharyngitis]:::strep [\bstrep\b] [C0031350:Pharyngitis]:::strep throat [\bstrep\s+throat\b] [C0031350:Pharyngitis]:::inflamed throat [\binflamed\s+throat\b] [C0031350:Pharyngitis]:::pharygitis [\bpharygitis\b] [C0031350:Pharyngitis]:::pharyngiits [\bpharyngiits\b] [C0031350:Pharyngitis]:::pharyngitis [\bpharyngitis\b] [C0031350:Pharyngitis]:::pharyngitits [\bpharyngitits\b] [C0031350:Pharyngitis]:::pharyngotonsillitis [\bpharyngotonsillitis\b] [C0031350:Pharyngitis]:::pharyngtis [\bpharyngtis\b] [C0031350:Pharyngitis]:::pharynigitis [\bpharynigitis\b] [C0031350:Pharyngitis]:::pharynitis [\bpharynitis\b] [C0031350:Pharyngitis]:::phayngitis  [\bphayngitis\b] [C0031350:Pharyngitis] :::strep [\bstrep\b] [C0036689:Strep throat]:::throat inf [\bthroat\s+inf\b] [C0729771:Throat infection]:::throat infec [\bthroat\s+infec.*?\b] [C0729771:Throat infection]:::pharingitis [\bpharingitis\b] [C0031350:Pharyngitis]:::pharyngitis [\bpharyngitis\b] [C0031350:Pharyngitis]:::pharynsitis [\bpharynsitis\b] [C0031350:Pharyngitis]:::pheryngitis [\bpheryngitis\b] [C0031350:Pharyngitis]:::
0,0,0,0,0,1,SoreThroat,ThroatSwelling,Related concept,"throat swelling, swollen throat",,Congestion of throat (finding) ,[102617004],C07.550.781,784.10,64,Sore Throat,throat swelling [\bthroat\s+sw(e|o)l.*?\b] [C0031350:Pharyngitis]:::swollen throat [\bsw(o|e)l.*?\sthroat\b] [C0031350:Pharyngitis]:::
1,0,0,0,0,1,UpperRespiratoryInfection,UpperRespiratoryInfection,Concept name,"u r i,u.r.i.,upper respiratory,upper respiratory infection,upper respitory,ur i,uri,uris ,urti,usi,ur I",,Upper respiratory infection (disorder),[54150009],C01.539.739,465.00,63,Runny or Stuffy Nose,u r i [\bu(\s|\.)?r(\s|\.)?i(\s|\.)?\b] [C0041912:Upper respiratory infection]:::u.r.i. [\bu(\s|\.)?r(\s|\.)?i(\s|\.)?\b] [C0041912:Upper respiratory infection]:::upper respiratory [\bupper\s+resp.*?\b] [C0041912:Upper respiratory infection]:::upper respiratory infection [\bupper\s+resp.*?\s+infec.*?\b] [C0041912:Upper respiratory infection]:::upper respitory [\bupper\s+resp.*?\b] [C0041912:Upper respiratory infection]:::ur i [\bu(\s|\.)?r(\s|\.)?i(\s|\.)?\b] [C0041912:Upper respiratory infection]:::uri [\bu(\s|\.)?r(\s|\.)?i(\s|\.)?\b] [C0041912:Upper respiratory infection]:::uris [\buris\b] [C0041912:Upper respiratory infection]:::urti [\burti\b] [C0041912:Upper respiratory infection]:::usi [\busi\b] [C0041912:Upper respiratory infection]:::ur i [\bur\s+i\b] [C0041912:Upper respiratory infection]:::
1,0,0,0,0,1,UpperRespiratoryInfection,ColdSymptoms,Related concept,"cold, cold symptoms, cold sx,",,Upper respiratory infection (disorder),[54150009],C01.539.739,460.00,63,Runny or Stuffy Nose,cold [\bcold\b] [C0863093:Cold symptoms]:::cold symptoms [\bcold\s+sympto.*?\b] [C0863093:Cold symptoms]:::cold sx [\bcold\s+sx\b][C0863093:Cold symptoms]:::
1,0,0,0,0,0,Apnea,Apnea,Concept name,"agonal, apnea (exclude sleep apnea), apnic, not breathing, resp(iratory) arrest, respiratiory arrest, respitory arrest, respr(iatory) arrest, stop* breath*",,Apnea (finding),[1023001],C08.618.085,786.03,370,Apnea,agonal [\bagonal\b] [C1963065:Apnea]:::apnea (exclude sleep apnea) [(?<!sleep\s)\bapnea\b] [C1963065:Apnea]:::apnic [\bapnic\b] [C1963065:Apnea]:::not breathing [\bnot\s+breath.*?\b] [C1963065:Apnea]:::resp* arrest [\bresp.*?\s+arrest\b] [C1963065:Apnea]:::stop* breath* [\bstop.*?\s+brea.*?\b] [C1963065:Apnea]:::
1,0,0,0,0,0,Apnea,RespiratoryFailure,Related concept," resp(iratory) failure, respiratiory failure, respitory failure, respr(iatory) failure",,Respiratory failure (disorder) ,[409622000],C08.618.846,518.81,157,Breathing Difficulty,resp* failure [\bresp.*?\s+fail.*?\b] [C1145670:Respiratory Failure]:::
1,1,0,0,0,0,Bronchitis,Bronchitis,Concept name,"brionchitis,bronchit,bronchitis,broncitis, brionchitis,bronchitis",,Bronchitis (disorder),[32398004],C08.127.446,466.00,15,Cough,brionchitis [\bbrionchi.*?\b] [C0006277:Bronchitis]:::bronchit [\bbronchi.*?\b] [C0006277:Bronchitis]:::
1,1,0,0,0,0,ChestCongestion,ChestCongestion,Concept name,"cong,congesr,congest,congested,congestion,congestion&cough,conjestion",,,,,786.09,15,Cough,chest + congest* [\bchest(\s+|\+)con[gj].*?\b] [C0242073:Pulmonary congestion]:::
1,1,0,0,0,0,Hypoxia,Hypoxia,Concept name,"hypoxia, hypoxic,hypoxemia",,Hypoxia (disorder),[389086002],C23.888.852.079,799.02,394,Hypoxia,hypoxia [\bhypoxia\b] [C0242184:Hypoxia]:::hypoxic [\bhypoxic\b] [C0242184:Hypoxia]:::hypoxemia [\bhypoxemia\b] [C0242184:Hypoxia]:::
1,1,0,0,0,0,Hypoxia,Desaturation,Related concept,"dec o2 sat,decrease 02 stat,decrease o2 sat,decreased 02 stats,decreased o2 sat,decreased o2 sats,decreased sat ,decreased sats,desat,hypoxemia,lo 02,low 02 sat,low 02 stats,low o2,low sa02,low sats,low saturations,low stat s,o2 stats down,oxigen low,satis dropping",,Hypoxia (disorder),[389086002],C23.888.852.079,799.02,394,Hypoxia,dec o2 sat [\bdec.*?\s+[o0]2\s+st*at.*?\b] [C0483415:  Oxygen saturation]:::decrease 02 stat [\bdec.*?\s+[o0]2\s+st*at.*?\b] [C0483415:  Oxygen saturation]:::decrease o2 sat [\bdec.*?\s+[o0]2\s+st*at.*?\b] [C0483415:  Oxygen saturation]:::decreased 02 stats [\bdec.*?\s+[o0]2\s+st*at.*?\b] [C0483415:  Oxygen saturation]:::decreased o2 sat [\bdec.*?\s+[o0]2\s+st*at.*?\b] [C0483415:  Oxygen saturation]:::decreased o2 sats [\bdec.*?\s+[o0]2\s+st*at.*?\b] [C0483415:  Oxygen saturation]:::decreased sat [\bdecr.*?\s+sats*\b] [C0483415:  Oxygen saturation]:::decreased sats [\bdecr.*?\s+sats*\b] [C0483415:  Oxygen saturation]:::desat [\bdesat\b] [C0483415:  Oxygen saturation]:::hypoxemia [\bhypoxemia\b] [C0483415:  Oxygen saturation]:::lo 02 [\blo\s+02\b] [C0483415:  Oxygen saturation]:::low 02 sat [\blow\s+02\s+sat] [C0483415:  Oxygen saturation]:::low 02 stats [\blow\s+02\s+stats\b] [C0483415:  Oxygen saturation]:::low o2 [\blow\s+o2\b] [C0483415:  Oxygen saturation]:::low sa02 [\blow\s+sa02\b] [C0483415:  Oxygen saturation]:::low sats [\blow\s+sat.*?\b] [C0483415:  Oxygen saturation]:::low saturations [\blow\s+satu.*?\b] [C0483415:  Oxygen saturation]:::low stat s [\blow\s+stat\s+s\b] [C0483415:  Oxygen saturation]:::o2 stats down [\bo2\s+stat.*?\s+down\b] [C0483415:  Oxygen saturation]:::oxigen low [\boxigen\s+low\b] [C0483415:  Oxygen saturation]:::satis dropping [\bsatis\s+drop.*?\b] [C0483415:  Oxygen saturation]:::
1,1,0,0,0,0,Hypoxia,Cyanosis,Related concept,"cyancsis,cyanotic,cyanosis",,Cyanosis (finding),[3415004] ,C23.888.248,782.50,394,Hypoxia,cyancsis [\bcyancsis\b] [C0010520:Cyanosis]:::cyanotic [\bcyanotic\b] [C0010520:Cyanosis]:::cyanosis [\bcyanosis\b] [C0010520:Cyanosis]:::
1,0,0,0,0,0,Earache,Earache,Concept name,"ear ache,ear aches,ear pain,ear pn,earache,erache,tugging,ear hurts",,Otalgia (disorder),[16001004],C09.218.350,388.70,1,Earache,ear ache [\bear\s*aches?\b] [C0013456:Earache]:::ear aches [\bear\s*aches?\b] [C0013456:Earache]:::ear pain [\bear\s*pains*\b] [C0013456:Earache]:::ear pn [\bear\s*pn\b] [C0013456:Earache]:::earache [\bear\s*aches?\b] [C0013456:Earache]:::erache [\berache\b] [C0013456:Earache]:::tugging [\btugging\b] [C0013456:Earache]:::ear hurts [\bears?\s*hurt.*?\b] [C0013456:Earache]:::
1,0,0,0,0,0,Earache,Otalgia,Synonym,otalgia,,Otalgia (disorder),[16001004],C09.218.350,388.70,1,Earache,otalgia [\botalgia\b] [C0013456:Otalgia]:::
1,0,0,0,0,0,Earache,OtitisMedia,Related concept,"acute ot media,bil otitis media,chronic otitis media,ear dranage,ear inf,ear infection,ear infections,om,ot media,otitis,otitis media,otitis media bilat,otits media,totis media",,Otitis media (disorder) ,[65363002],C09.218.705.663,382.30,1,Earache,acute ot media [\bacute\s+ot\s+media\b] [C0029882:Otitis Media]:::bil otitis media [\bbil\s+otitis\s+media\b] [C0029882:Otitis Media]:::chronic otitis media [\bchronic\s+otitis\s+media\b] [C0029882:Otitis Media]:::ear dranage [\bear\s+drai*nage\b] [C0029882:Otitis Media]:::ear inf [\bear\s+inf.*?\b] [C0029882:Otitis Media]:::ear infection [\bear\s+inf.*?\b] [C0029882:Otitis Media]:::ear infections [\bear\s+inf.*?\b] [C0029882:Otitis Media]:::om [\bom\b] [C0029882:Otitis Media]:::ot media [\bot\s+media\b] [C0029882:Otitis Media]:::otitis [\botitis\b] [C0029882:Otitis Media]:::otitis media [\botitis\s+media\b] [C0029882:Otitis Media]:::otitis media bilat [\botitits\s+media\s+bilat\b] [C0029882:Otitis Media]:::otits media [\botits\s+media\b] [C0029882:Otitis Media]:::totis media [\btotis\s+media\b] [C0029882:Otitis Media]:::
1,0,0,0,0,0,Earache,OtitisExterna,Related concept,"external otitis, oe,ototis externa",,,,C09.218.705.496,380.10,1,Earache,external otitis [\bexternal\s+otitis\b] [C0029878:Otitis Externa]:::oe [\boe\b] [C0029878:Otitis Externa]:::ototis externa [\bototis\s+externa\b] [C0029878:Otitis Externa]:::
1,0,0,0,0,0,Hoarseness,Hoarseness,Concept name,"hoarse,hoarseness,hoarsness, lost voice, loss of voice, no voice",,Hoarse (finding) ,[50219008],C08.618.490,784.40,227,Hoarseness,hoarse [\bhoars.*?\b] [C0019825:Hoarseness]:::hoarseness [\bhoars.*?\b] [C0019825:Hoarseness]:::hoarsness [\bhoars.*?\b] [C0019825:Hoarseness]:::lost voice [\blost\s+voice\b] [C0019825:Hoarseness]:::loss of voice [\bloss\s+of\s+voice\b] [C0019825:Hoarseness]:::no voice [\bno\s+voice\b] [C0019825:Hoarseness]:::
1,0,0,0,0,0,Hoarseness,Laryngitis,Related concept,"laryngeal tracititis,laryngitis",,Laryngitis (disorder),[45913009],C08.360.535,464.00,227,Hoarseness,laryngeal tracititis [\blaryngeal\s+tracit.*?\b] [C0023067:Laryngitis]:::laryngitis [\blaryngitis\b] [C0023067:Laryngitis]:::
1,1,0,0,0,1,Bronchiolitis,Bronchiolitis,Concept name,"brochiolitis,bronchialitis,bronchilitis,bronchiolitis,broncolitis,bronculitis",,Respiratory syncytial virus bronchiolitis (disorder),[57089007],C08.127.446.135,466.10,301,Wheezing,brochiolitis [\bbron*chi.*?tis\b] [C0006271:Bronchiolitis]:::bronchialitis [\bbron*chi.*?tis\b] [C0006271:Bronchiolitis]:::bronchilitis [\bbron*chi.*?tis\b] [C0006271:Bronchiolitis]:::bronchiolitis [\bbron*chi.*?tis\b] [C0006271:Bronchiolitis]:::broncolitis [\bbronco.*?tis\b] [C0006271:Bronchiolitis]:::bronculitis [\bbroncu.*?tis\b] [C0006271:Bronchiolitis]:::
1,1,0,0,0,1,Bronchiolitis,RSV,Related concept,"rsv,respiratory syncytial virus",,Respiratory syncytial virus bronchiolitis (disorder),[57089007],B04.820.455.600.670.600.750,79.60,301,Wheezing,rsv [\brsv\b] [C0035236:Respiratory syncytial virus]:::respiratory syncytial virus [\bresp.*?\s+sync.*?\s+virus\b] [C0035236:Respiratory syncytial virus]:::
1,0,0,0,0,0,Sinusitis,Sinusitis,Concept name,"sines pain,sinusitis,sinus,sinus inf,sinus infection,sinus pain,sinus pressure,sinus problem,sinus problems,sinus unfection,sinus?",,Sinusitis (disorder),[36971009],C08.460.692.752,461.90,63,Runny or Stuffy Nose,sines pain [\bsines\s+pains*\b] [C0037199:Sinusitis]:::sinusitis [\bsinusitis\b] [C0037199:Sinusitis]:::sinus [\bsinus.*?\b] [C0037199:Sinusitis]:::sinus inf [\bsinus\s+inf.*?\b] [C0037199:Sinusitis]:::sinus infection [\bsinus\s+inf.*?\b] [C0037199:Sinusitis]:::sinus pain [\bsinus\s+pain\b] [C0037199:Sinusitis]:::sinus pressure [\bsinus\s+pressur.*?\b] [C0037199:Sinusitis]:::sinus problem [\bsinus\s+problems*\b] [C0037199:Sinusitis]:::sinus problems [\bsinus\s+problems*\b] [C0037199:Sinusitis]:::sinus unfection [\bsinus\s+unfect.*?\b] [C0037199:Sinusitis]:::sinus? [\bsinus\?] [C0037199:Sinusitis]:::
1,1,0,0,0,0,PleuralEffusion,PleuralEffusion,Concept name,"pleural effusion,pleuritis",,Pleural effusion (disorder),[60046008],C08.528.652,511.90,157,Breathing Difficulty,pleural effusion [\bpleur.*?\s+effusio.*?\b] [C0032227:Pleural Effusion]:::pleuritis [\bpleuritis\b] [C0032227:Pleural Effusion]:::
1,1,0,0,0,0,COPD,COPD,Concept name,"C.O.P.D,copd,pulm obstructive disease,chronic obstructive pulmonary disease,c o p d,dcopd",,Chronic obstructive lung disease (disorder),[13645005],C08.381.495.389,491.21,157,Breathing Difficulty,C.O.P.D [\bc\.?o\.?p\.?d\.?\b] [C0024117:COPD (Chronic Obstructive Airway Disease)]:::copd [\bc\.?o\.?p\.?d\.?\b] [C0024117:COPD (Chronic Obstructive Airway Disease)]:::pulm obstructive disease [\bpulm\.?\s+obstruct.*?\s+dise.*?\b] [C0024117:COPD (Chronic Obstructive Airway Disease)]:::chronic obstructive pulmonary disease [\bchron.*?\s+obstru.*?\s+pulm.*?\s+disea.*?\b] [C0024117:COPD (Chronic Obstructive Airway Disease)]:::c o p d [\bc(\.|\s)*o(\.|\s)*p(\.|\s)*d] [C0024117:COPD (Chronic Obstructive Airway Disease)]:::dcopd [\bdcopd\b] [C0024117:COPD (Chronic Obstructive Airway Disease)]:::
1,1,0,0,0,0,COPD,Emphysema,Related concept,emphysema,,Chronic emphysema (morphologic abnormality),[125295001],C23.550.325,518.10,157,Breathing Difficulty,emphysema [\bemphysema\b] [C0034067:Emphysema]:::
1,1,0,0,0,0,COPD,ChronicBronchitis,Related concept,chronic bronchitis,,Bronchitis (disorder),[32398004],C08.127.446.567,491.20,15,Cough,chronic bronchitis [\bchron.*?\s+bronchit.*?\b] [C0008677:Bronchitis Chronic]:::
1,0,0,0,0,0,Epiglottitis,Epiglottitis,Concept name,"epiglottitis, epiglotitis",,Epiglottitis (disorder),[80384002],A02.165.257.625.411,464.30,64,Sore Throat,epiglottitis [\bepiglot.*?\b] [C0014541:Epiglottitis]:::epiglotitis [\bepiglot.*?\b] [C0014541:Epiglottitis]:::
1,1,0,0,0,1,Influenza,Influenza,Concept name,"Flu,flue,flu-like,fly symptoms,influenza,a flu,flu up,flu,fly sym,+flu,flulike,influenza, ILI",,Influenza (disorder),[6142004],C02.782.620.365,487,15,Cough,flu [\bflue?\b] [C0021400:Influenza]:::flue [\bflue?\b] [C0021400:Influenza]:::flu-like [\bflu.*like\b] [C0021400:Influenza]:::fly symptoms [\bfly\s+sympt.*?\b] [C0021400:Influenza]:::influenza [\binflu.*?\b] [C0021400:Influenza]:::a flu [\ba\s+flu\b] [C0021400:Influenza]:::flu up [\bflu\s+up\b] [C0021400:Influenza]:::fly sym [\bfl[uy]\s+sym.*?\b] [C0021400:Influenza]:::+flu [\b\+flu\b] [C0021400:Influenza]:::flulike [\bflu.?like\b] [C0021400:Influenza]:::influenza [\binfluenza\b] [C0021400:Influenza]:::ILI [\bili\b] [C0021400:Influenza]:::
0,0,1,0,0,0,AbdominalPain,AbdominalPain,Concept name,"abd* ache*, abd* pian, abd* discomf*, abd* px, abd* pn,ab pain,ab. pain,abd pain,abd pains,abd pn,abd. pain,abdmoninal pain,abdo pain,abdomen pain,abdomianl pain,abdomin pain,abdomina pain,abdominal pain,abdominal pain.,abdominal pains,abdomnal pain,abdonminal pain,abominal pain,adb pain,adb pn,adb. pain,adbdominal pain,adominal pain,belly ache,belly pain,blq pain,l q pain,lq pain,quadrant pain,r q pain,rq pain,abd + cramp,abd + pain,abd + pressure,adb pain,adb pn,adbdominal pain,adominal pain, abd pn",,Abdominal pain (finding),[21522001] ,C23.888.646.100,789.00,12,Abdominal Pain,abd* ache* [\babd.*?\s+aches*\b] [C0000737:Abdominal Pain]:::abd* pian [\babd.*?\s+pian\b] [C0000737:Abdominal Pain]:::abd* discomf* [\babd.*?\s+disc.*?\b] [C0000737:Abdominal Pain]:::abd* px [\abd.*?\s+px\b] [C0000737:Abdominal Pain]:::abd* pn [\babd.*?\s+pn\b] [C0000737:Abdominal Pain]:::ab pain [\bab.?\s+pain\b] [C0000737:Abdominal Pain]:::ab. pain [\bab.?\s+pain\b] [C0000737:Abdominal Pain]:::abd pain [\bab.?\s+pains*\b] [C0000737:Abdominal Pain]:::abd pains [\bab.?\s+pains*\b] [C0000737:Abdominal Pain]:::abd pn [\bab.*?\s+pn\b] [C0000737:Abdominal Pain]:::abd. pain [\babd\.\s+pain\b] [C0000737:Abdominal Pain]:::abdmoninal pain [\babd.*?\s+pain\b] [C0000737:Abdominal Pain]:::abdo pain [\babd.*?\s+pain\b] [C0000737:Abdominal Pain]:::abdomen pain [\babd.*?\s+pain\b] [C0000737:Abdominal Pain]:::abdomianl pain [\babd.*?\s+pain\b]:::abdomin pain [\babd.*?\s+pain\b] [C0000737:Abdominal Pain]:::abdomina pain [\babd.*?\s+pain\b] [C0000737:Abdominal Pain]:::abdominal pain [\babd.*?\s+pain\b] [C0000737:Abdominal Pain]:::abdominal pain. [\babd.*?\s+pain\b\.] [C0000737:Abdominal Pain]:::abdominal pains [\babd.*?\s+pains\b] [C0000737:Abdominal Pain]:::abdomnal pain [\babd.*?\s+pain\b] [C0000737:Abdominal Pain]:::abdonminal pain [\babd.*?\s+pain\b] [C0000737:Abdominal Pain]:::abominal pain [\babd.*?\s+pain\b] [C0000737:Abdominal Pain]:::adb pain [\badb\s+pa?i?n?\b] [C0000737:Abdominal Pain]:::adb pn [\badb\s+pa?i?n?\b] [C0000737:Abdominal Pain]:::adb. pain [\badb\.*\s+pa?i?n?\b] [C0000737:Abdominal Pain]:::adbdominal pain [\badb\.*\s+pa?i?n?\b] [C0000737:Abdominal Pain]:::adominal pain [\b adominal\s+pain\b] [C0000737:Abdominal Pain]:::belly ache [\bbelly\s+ache\b]  [C0000737:Abdominal Pain]:::belly pain [\bbelly\s+pain\b] [C0000737:Abdominal Pain]:::blq pain [\bblq\s+pain\b] [C0000737:Abdominal Pain]:::l q pain [\bl\s+q\s+pain\b] [C0000737:Abdominal Pain]:::lq pain [\blq\s+pain\b] [C0000737:Abdominal Pain]:::quadrant pain [\bquad.*?\s+pain\b] [C0000737:Abdominal Pain]:::r q pain [\br\s+q+pain\b] [C0000737:Abdominal Pain]:::rq pain [\brq\s+pain] [C0000737:Abdominal Pain]:::abd + pain [\babd\s*\+\s*pain\b] [C0000737:Abdominal Pain]:::abd + pressure [\babd\s*\+\s*pressure\b] [C0000737:Abdominal Pain]:::adb pain [\badb\s+pain\b] [C0000737:Abdominal Pain]:::adb pn [\badb\s+pn\b] [C0000737:Abdominal Pain]:::adbdominal pain [\badbdominal\s+pain\b] [C0000737:Abdominal Pain] :::adominal pain [\badominal\s+pain\b] [C0000737:Abdominal Pain]:::abd pn [\babd\s+pn\b] [C0000737:Abdominal Pain]:::
0,0,1,0,0,0,AbdominalPain,LeftLowerQuadrantPain,Related concept,"llq pain,llqp,llq",,Abdominal pain (finding),[21522001] ,C23.888.646.100,789,12,Abdominal Pain,llq pain [\bllq\s+pain\b] [C0000737:Abdominal Pain]:::llqp [\bllqp\b] [C0000737:Abdominal Pain]:::llq [\bllq\b] [C0000737:Abdominal Pain]:::
0,0,1,0,0,0,AbdominalPain,LeftUpperQuadrantPain,Related concept,"luq,luq pain",,Abdominal pain (finding),[21522001] ,C23.888.646.100,789,12,Abdominal Pain,luq [\bluq\b] [C0000737:Abdominal Pain]:::luq pain [\bluq\s+pain\b] [C0000737:Abdominal Pain]:::
0,0,1,0,0,0,AbdominalPain,RghtLowerQuadrantPain,Related concept,"lrq pain,rlq pain,rlq,apendicitis,appendicitis",,Abdominal pain (finding),[21522001] ,C23.888.646.100,789,12,Abdominal Pain,lrq pain [\blrq\s+pain\b] [C0000737:Abdominal Pain]:::rlq pain [\brlq\s+pain\b] [C0000737:Abdominal Pain]:::rlq [\brlq\b] [C0000737:Abdominal Pain]:::apendicitis [\bapendicitis\b] [C0000737:Abdominal Pain]:::appendicitis [\bappendici.*?\b] [C0000737:Abdominal Pain]:::
0,0,1,0,0,0,AbdominalPain,RightUpperQuadrantPain,Related concept,"urq pain,ruq,ruq pain",,Abdominal pain (finding),[21522001] ,C23.888.646.100,789,12,Abdominal Pain,urq pain [\burq\s+pain\b] [C0000737:Abdominal Pain]:::ruq [\bruq\b] [C0000737:Abdominal Pain]:::ruq pain [\bruq\s+pain\b] [C0000737:Abdominal Pain]:::
0,0,1,0,0,0,AbdominalPain,EpigastricPain,Related concept,"stom* hurt*,epaigastric pain,epigas pain,epigastic pain,epigastrial pain,epigastric burn,epigastric burning,epigastric disconfort,epigastric distress,epigastric pain,epigastric pain,epigastric pressure,epigatric pain,eppigastic pain,stomach ache,stomach problem,stomach problems,stomachache,stomache,stomache ache, upset stomach",,Epigastric pain (finding),[79922009],C23.888.646.100,789,12,Abdominal Pain,stom* hurt* [\bstom.*?\s+hurt.*?\b] [C0232493:(D)Epigastric pain]:::epaigastric pain [\bepaigast.*?\s+pain\b] [C0232493:(D)Epigastric pain]:::epigas pain [\bepigas.*?\s+pain\b] [C0232493:(D)Epigastric pain]:::epigastic pain [\bepigas.*?\s+pain\b] [C0232493:(D)Epigastric pain]:::epigastrial pain [\bepigas.*?\s+pain\b] [C0232493:(D)Epigastric pain]:::epigastric burn [\bepigas.*?\s+burn\b] [C0232493:(D)Epigastric pain]:::epigastric burning [\bepigas.*?\s+pain.*?\b] [C0232493:(D)Epigastric pain]:::epigastric disconfort [\bepigas.*?\s+disc.*?\b] [C0232493:(D)Epigastric pain]:::epigastric distress [\bepigas.*?\s+dist.*?\b] [C0232493:(D)Epigastric pain]:::epigastric pain [\bepiga.*?\s+pain.*?\b] [C0232493:(D)Epigastric pain]:::epigastric pain [\bepiga.*?\s+pain.*?\b] [C0232493:(D)Epigastric pain]:::epigastric pressure [\bepigatric press.*?\b] [C0232493:(D)Epigastric pain]:::eppigastic pain [\beppig.*?\s+pain.*?\b] [C0232493:(D)Epigastric pain]:::stomach ache [\bstom.*?\s+ach.*?\b] [C0221512:Stomach ache]:::stomach problem [\bstomac.*\s+prob.*?\b] [C0577027:Stomach problem]:::stomach problems [\bstomac.*\s+prob.*?\b] [C0577027:Stomach problem]:::stomachache [\bstomachache\b] [C0221512:Stomach ache]:::stomache [\bstomache\b] [C0221512:Stomach ache]:::stomache ache [\bstom.*?\s+ach.*?\b] [C0221512:Stomach ache]:::upset stomach [\bupse.*?\s+stoma.*?\b] [C0235309:Upset stomach]:::
0,0,1,0,0,0,AbdominalPain,PeriumbilicalPain ,Related concept,periumbilical pain,,Periumbilical (qualifier value) ,[278701003],C23.888.646.100,789,12,Abdominal Pain,periumbilical pain [\bperiumbil.*?\s+pain\b] [C1096624:Periumbilical pain]:::
0,0,1,0,0,0,AbdominalPain,SuprapubicPain,Related concept,suprapubic pain,,Suprapubic pain (finding),[162053006],C23.888.646.100,789,12,Abdominal Pain,suprapubic pain [\bsupra.*?pubic\s+pain.*?\b] [C0241310:(D)Suprapubic pain]:::
0,0,1,1,0,0,Diarrhea,Diarrhea,Concept name,"diar*,dair*,diah*,dearrh*,dirrhe*,diaar,d&v,dearrhea,diaarrhea,diahhea,diahrea,diahrrea,diar,diareha,diarehea,diarhea,diarhha,diarhhea,diarr,diarrea,diarreah,diarrh,diarrha,diarrhea,diheria,dirrhea,fdiarrhea,n d,nvd,v d,v&d,v+d,dair,diah,diahhea,diarea,diareas,diareha,dv,enteri,enteritis,n d,n v d",,Diarrhea (finding),[62315008],C23.888.821.214,787.91,142,Diarrhea,diar* [\bdiar.*?\b] [C0011991:DIARRHOEA (Diarrhea)]:::dair* [\bdair.*?\b] [C0011991:DIARRHOEA (Diarrhea)]:::diah* [\bdiah.*?\b] [C0011991:DIARRHOEA (Diarrhea)]:::dearrh* [\bdearrh.*?\b] [C0011991:DIARRHOEA (Diarrhea)]:::dirrhe* [\bdirrhe.*?\b] [C0011991:DIARRHOEA (Diarrhea)]:::diaar [\bdiaar\b] [C0011991:DIARRHOEA (Diarrhea)]:::d&v [\bd&v\b] [C0011991:DIARRHOEA (Diarrhea)]:::dearrhea [\bdearr.*?\b] [C0011991:DIARRHOEA (Diarrhea)]:::diaarrhea [\bdiaar.*?\b] [C0011991:DIARRHOEA (Diarrhea)]:::diahhea [\bdiahhea\b] [C0011991:DIARRHOEA (Diarrhea)]:::diahrea [\diahrea\b] [C0011991:DIARRHOEA (Diarrhea)]:::diahrrea [\bdiahrr.*?\b] [C0011991:DIARRHOEA (Diarrhea)]:::diar [\bdiar\b] [C0011991:DIARRHOEA (Diarrhea)]:::diareha [\bdiarh.*?\b] [C0011991:DIARRHOEA (Diarrhea)]:::diarehea [\bdiare.*?\b] [C0011991:DIARRHOEA (Diarrhea)]:::diarhea [\bdiarh.*?\b] [C0011991:DIARRHOEA (Diarrhea)]:::diarhha [\bdiarh.*?\b] [C0011991:DIARRHOEA (Diarrhea)]:::diarhhea [\bdiarh.*?\b] [C0011991:DIARRHOEA (Diarrhea)]:::diarr [\bdiarr.*?\b] [C0011991:DIARRHOEA (Diarrhea)]:::diarrea [\bdiarr.*?\b] [C0011991:DIARRHOEA (Diarrhea)]:::diarreah [\bdiarr.*?\b] [C0011991:DIARRHOEA (Diarrhea)]:::diarrh [\bdiarr.*?\b] [C0011991:DIARRHOEA (Diarrhea)]:::diarrha [\bdiarr.*?\b] [C0011991:DIARRHOEA (Diarrhea)]:::diarrhea [\bdiarr.*?\b] [C0011991:DIARRHOEA (Diarrhea)]:::diheria [\bdiher.*?\b] [C0011991:DIARRHOEA (Diarrhea)]:::dirrhea [\bdirrh.*?\b] [C0011991:DIARRHOEA (Diarrhea)]:::fdiarrhea [\bfdiarrh.*?\b] [C0011991:DIARRHOEA (Diarrhea)] :::n d [\bn\s*d\b] [C0011991:DIARRHOEA (Diarrhea)]:::nvd [\bnvd\b] [C0011991:DIARRHOEA (Diarrhea)]:::v d [\bv\s*d\b] [C0011991:DIARRHOEA (Diarrhea)]:::v&d [\bv&d\b] [C0011991:DIARRHOEA (Diarrhea)] :::v+d [\bv\+d\b] [C0011991:DIARRHOEA (Diarrhea)]:::dair [\bdair\b] [C0011991:DIARRHOEA (Diarrhea)]:::diah [\bdiah\b] [C0011991:DIARRHOEA (Diarrhea)]:::diahhea [\bdiahh.*?\b] [C0011991:DIARRHOEA (Diarrhea)]:::diarea [\bdiar.*?\b] [C0011991:DIARRHOEA (Diarrhea)]:::diareas [\bdiare.*?\b] [C0011991:DIARRHOEA (Diarrhea)]:::diareha [\bdiare.*?\b] [C0011991:DIARRHOEA (Diarrhea)]:::dv [\bdv\b] [C0011991:DIARRHOEA (Diarrhea)]:::enteri [\benteri\b] [C0011991:DIARRHOEA (Diarrhea)]:::enteritis [\benteri.*?\b] [C0011991:DIARRHOEA (Diarrhea)]:::n d [\bn\s*d\b] [C0011991:DIARRHOEA (Diarrhea)]:::n v d [\bn\s+v\s+d\b] [C0011991:DIARRHOEA (Diarrhea)]:::
0,0,1,1,0,0,Diarrhea,WateryStool,Synonym,"liquid stool, watery stool",,Diarrhea (finding),[62315008],C23.888.821.214,787.91,142,Diarrhea,liquid stool [\bliqu.*?\s+stoo.*?\b] [C0232708:Watery stool]:::watery stool [\bwater.*?\s+stool.*?\b] [C0232708:Watery stool]:::
0,0,1,1,0,0,Diarrhea,LooseStool,Synonym,"loose bm,loose stool,loose stools,bowel + loose,loose + stool",,Loose stool (finding),[398032003],C23.888.821.214,787.91,142,Diarrhea,loose bm [\bloose\s+bm\b] [C0011991:Loose stool]:::loose stool [\bloos.*?\s+stool\b] [C0011991:Loose stool]:::loose stools [\bloos.*?\s*stool.*?\b] [C0011991:Loose stool]:::bowel + loose [\bbowel(\s|\+)*loos.*?\b] [C0011991:Loose stool]:::loose + stool [\bloose(\s|\+)*stool.*?\b] [C0011991:Loose stool]:::
0,0,1,1,0,0,Diarrhea,Rotavirus,Related concept,"rotovirus,rotavirus",,Genus Rotavirus (organism),[417542000],B04.820.630.790,8.61,142,Diarrhea,rotovirus [\brot(o|a)virus\b] [C0035870:Rotavirus]:::rotavirus  [\brot(o|a)virus\b]  [C0035870:Rotavirus]
0,0,1,1,0,0,Vomiting,Vomiting,Concept name,"vmt, n/v, v/n, v/d, d/v, v+d, d+v, n+v, v+n, v + d, d + v, etc.,d & v,dry heaves,emsis,f v,fv,n v,n & v,n v,n v d,n&v,n+v,nv,nvd,retching,v d,v f,v&d,v+d,vimiting,viomiting,vmt,vo,voimiting,voiting,vom,vometing,vomi,vomikting,vomintg,vominting,vomit,vomited,vomiti,vomitibg,vomitin,vomitine,vomiting,vomitinig,vomitiong,vomitng,vomitt,vomitting,vomittng,vomitus,vommiting,vomoting,vomtiing,vomtiming,vomting,vomtiting,puke,n v, retching,v d,vomit, vomicking,cant hold any food down, threw up,throw up,throwing up, emesis, emisis",,Vomiting (disorder),[15387003],C23.888.821.937,536.2,29,Vomiting,vmt [\bvmt\b] [C0042963:Vomiting]:::n/v [\bn\/v\b] [C0042963:Vomiting]:::v/n [\bv\/n\b] [C0042963:Vomiting]:::v/d [\bv\/d\b] [C0042963:Vomiting]:::d/v [\bd\/v\b] [C0042963:Vomiting]:::v+d [\bv\+d\b] [C0042963:Vomiting]:::d+v [\bd\+v\b] [C0042963:Vomiting]:::n+v [\bn\+v\b] [C0042963:Vomiting]:::v+n [\bv\+n\b] [C0042963:Vomiting]:::v + d [\bv\s+\+\s+d\b] [C0042963:Vomiting]:::d + v [\bd\s+\+\s+v\b] [C0042963:Vomiting]:::etc. [\betc\.?\b] [C0042963:Vomiting]:::d & v [\bd\s*&\s*v\b] [C0042963:Vomiting]:::dry heaves [\bdr.*?\s+heav.*?\b] [C0042963:Vomiting]:::emsis [\bemsis\b] [C0042963:Vomiting]:::f v [\bf\s*?v\b] [C0042963:Vomiting]:::fv [\bf\s*?v\b] [C0042963:Vomiting]:::n v [\bn\s*?v\b] [C0042963:Vomiting]:::n & v [\bn\s*&\s*v\b] [C0042963:Vomiting]:::n v [\bn\s*v\b] [C0042963:Vomiting]:::n v d [\bn\s*v\s*d\b] [C0042963:Vomiting]:::n&v [\bn&v\b] [C0042963:Vomiting]:::n+v [\bn\+v\b] [C0042963:Vomiting]:::nv [\bnv\b] [C0042963:Vomiting]:::nvd [\bnvd\b] [C0042963:Vomiting]:::retching [\bretch.*?\b] [C0042963:Vomiting]:::v d [\bv\s*d\b] [C0042963:Vomiting]:::v f [\bv\s*f\b] [C0042963:Vomiting]:::v&d [\bv&d\b] [C0042963:Vomiting]:::v+d [\bv\+d\b] [C0042963:Vomiting]:::vimiting [\bvimit.*?\b] [C0042963:Vomiting]:::viomiting [\bviomit.*?\b] [C0042963:Vomiting]:::vmt [\bvmt\b] [C0042963:Vomiting]:::vo [\bvo\b] [C0042963:Vomiting]:::voimiting [\bvoimit.*?\b] [C0042963:Vomiting]:::voiting [\bvoiting\b] [C0042963:Vomiting]:::vom [\bvom\b] [C0042963:Vomiting]:::vometing [\bvomet.*?\b] [C0042963:Vomiting]:::vomi [\bvomi.*?\b] [C0042963:Vomiting]:::vomikting [\bvomikt.*?\b] [C0042963:Vomiting]:::vomintg [\bvomin.*?\b] [C0042963:Vomiting]:::vominting [\bvomin.*?\b] [C0042963:Vomiting]:::vomit [\bvomit.*?\b] [C0042963:Vomiting]:::vomited [\bvomit.*?\b] [C0042963:Vomiting]:::vomitibg [\bvomit.*?\b] [C0042963:Vomiting]:::vomitin [\bvomit.*?\b] [C0042963:Vomiting]:::vomitine [\bvomit.*?\b] [C0042963:Vomiting]:::vomiting [\bvomit.*?\b] [C0042963:Vomiting]:::vomitinig [\bvomit.*?\b] [C0042963:Vomiting]:::vomitiong [\bvomit.*?\b] [C0042963:Vomiting]:::vomitng [\bvomit.*?\b] [C0042963:Vomiting]:::vomitt [\bvomit.*?\b] [C0042963:Vomiting]:::vomitting [\bvomit.*?\b] [C0042963:Vomiting]:::vomittng [\bvomit.*?\b] [C0042963:Vomiting]:::vomitus [\bvomit.*?\b] [C0042963:Vomiting]:::vommiting [\bvomm.*?\b] [C0042963:Vomiting]:::vomoting [\bvomot.*?\b] [C0042963:Vomiting]:::vomtiing [\bvomt.*?\b] [C0042963:Vomiting]:::vomtiming [\bvomt.*?\b] [C0042963:Vomiting]:::vomting [\bvomt.*?\b] [C0042963:Vomiting]:::vomtiting [\bvomt.*?\b] [C0042963:Vomiting]:::puke [\bpuke\b] [C0042963:Vomiting]:::n v [\bn\s*v\b] [C0042963:Vomiting]:::retching [\bretch.*?\b] [C0042963:Vomiting]:::v d [\bv\s*d\b] [C0042963:Vomiting]:::vomit [\bvomit\b] [C0042963:Vomiting]:::vomicking [\bvomick.*?\b] [C0042963:Vomiting]:::cant hold any food down [\can\?t\s+hold\s.*?food\s+down\b] [C0042963:Vomiting]:::threw up [\b(threw|throwing|throw)\s+up\b] [C0042963:Vomiting]:::throw up [\b(threw|throwing|throw)\s+up\b] [C0042963:Vomiting]:::throwing up [\b(threw|throwing|throw)\s+up\b] [C0042963:Vomiting]:::emesis [\bemesi.*?\b] [C0042963:Vomiting]:::emisis [\bemisi.*?\b] [C0042963:Vomiting]:::d&v [\bd&v\b] [C0042963:Vomiting]:::dv [\bdv\b] [C0042963:Vomiting]:::
0,0,1,1,0,0,Vomiting,Emesis,Synonym,emesis,,Vomiting (disorder),[15387003],C23.888.821.937,536.2,29,Vomiting,emesis [\bemesis\b] [C0042963:Vomiting]:::
0,0,1,1,0,0,Vomiting,SpittingUp,Synonym,"bringing up,spitting up",,Spitting (observable entity),[12405001],C23.888.821.937,536.2,29,Vomiting,bringing up [\bbring.*?\s+up\b] [C0042963:Vomiting]:::spitting up [\bspit.*?\s+up\b] [C0042963:Vomiting]:::
0,0,1,1,0,0,Vomiting,Hematemesis,Related concept,"hematemesis,coffee ground emesis, (throw*up|vomit) + blood",,Hematemesis (disorder),[8765009],C06.405.227.400,578.00,376,Vomiting Blood,hematemesis [\bhemate.*?\b] [C0018926:HAEMATEMESIS]:::coffee ground emesis [\bcoff.*?\s+groun.*?\s+emesi.*?\b] [C0018926:HAEMATEMESIS]:::throw* up + blood [\bthrow(s|ing).*?\s+\+\s+blood\b] [C0018926:HAEMATEMESIS]:::vomit + blood [\bvomit\s*\+\s*blood\b] [C0018926:HAEMATEMESIS]:::
0,0,1,0,0,0,Nausea,Nausea,Concept name,"nuasea, naseau, nauceous, n/v, v/n, n+v, v+n, n and v, n v,n & v,n d,n v,n v d,n&v,n+v,nasea,naseau,nasuea,nause,nausea,nauseated ,nauseau,naussa,nv,nvd,nasuea,nauceous,nauseau,naussa,nv",,Nausea (finding),[73879007],C23.888.821.712,787.02,230,Nausea,nuasea [\bnuasea\b] [C0027497:Nausea]:::naseau [\bnaseau\b] [C0027497:Nausea]:::nauceous [\bnauceou.*?\b] [C0027497:Nausea]:::n/v [\bn\/v\b] [C0027497:Nausea]:::v/n [v\/n] [C0027497:Nausea]:::n+v [\bn\s*\+\s*v\b] [C0027497:Nausea]:::v+n [\bv\s*\+\s*n\b] [C0027497:Nausea]:::n and v [\bn\s*?and\s*v\b] [C0027497:Nausea]:::n v [\bn\s*v\b] [C0027497:Nausea]:::n & v [\bn\s*&\s*v] [C0027497:Nausea]:::n d [\bn\s*d\b] [C0027497:Nausea]:::n v [\bn\s*v\b] [C0027497:Nausea]:::n v d [\bn\s*?v\s*?d\b] [C0027497:Nausea]:::n&v [\bn&v\b] [C0027497:Nausea]:::n+v [\bn\s*?\+\s*?v\b] [C0027497:Nausea]:::nasea [\bnasea\b] [C0027497:Nausea]:::naseau [\bnaseau\b] [C0027497:Nausea]:::nasuea [\nasuea\b] [C0027497:Nausea]:::nause [\bnause\b] [C0027497:Nausea]:::nausea [\bnausea\b] [C0027497:Nausea]:::nauseated [\bnauseated\b] [C0027497:Nausea]:::nauseau [\bnauseau\b] [C0027497:Nausea]:::naussa [\bnaussa\b] [C0027497:Nausea]:::nv [\bnv\b] [C0027497:Nausea]:::nvd [\bnvd\b] [C0027497:Nausea]:::nasuea [\bnasuea\b] [C0027497:Nausea]:::nauceous [\bnauceous\b] [C0027497:Nausea]:::nauseau [\bnauseau\b] [C0027497:Nausea]:::naussa [\bnaussa\b] [C0027497:Nausea]:::nv [\bnv\b] [C0027497:Nausea]:::
0,0,1,1,0,0,Gastroenteritis,Gastroenteritis,Concept name,"gastroe, stomach|inestinal|gi virus|flu",,Gastroenteritis (disorder),[25374005],C06.405.205,558.30,142,Diarrhea,gastroe [\bgastroe\b] [C0017160:Gastroenteritis]:::stomach flu [\b(stomach|in.?estinal|gi)\s+(virus|flu)\b] [C0017160:Gastroenteritis]:::gastroenteritis [\bgastroenteritis\b] [C0017160:Gastroenteritis]:::
0,0,1,0,0,0,Dehydration,Dehydration,Concept name,"dihydration,volume depletion,  needs IV fluids, needs fluids, dehy",,Dehydration (disorder),[34095006],C18.452.950.179,276.51,379,Dehydration,dihydration [\bd(e|i)hydration\b] [C0011175:Dehydration]:::volume depletion [\bvolume\s+deplet.*?\b] [C0011175:Dehydration]:::needs IV fluids [\bneeds\s+iv\s+fluids?\b] [C0011175:Dehydration]:::needs fluids [\bneeds?\s+fluids?\b] [C0011175:Dehydration]:::dehy [\bdehy\b] [C0011175:Dehydration]:::
0,0,0,0,1,0,Faintness,Faintness,Concept name,"wooz, faint,faintness,pre-syncopal,presyncopal,pre-syncope,presyncope, presyncople,preysyncopal",fainted [\bfaint.*?\b]::: fainting [\bfaint.*?\b]:::,Lightheadedness (finding) ,[386705008],C10.597.606.358.800.600,780.4,144,Dizziness,wooz [\bwooz\b] [C0039070:Faintness]:::faint [\bfaint\b] [C0039070:Faintness]:::faintness [\bfaintness\b] [C0039070:Faintness]:::pre-syncopal [\bpre-?sync.*?\b] [C0039070:Faintness]:::
0,0,0,0,1,0,Faintness,LightHeadedness,Synonym,"light headed,light headedness,light headned,lightheaded,light-headed,lightheadness,ltheaded",,Lightheadedness (finding) ,[386705008],C10.597.751.237,780.4,144,Dizziness,light headed [\blight\s*?head.*?\b] [C0220870:Light-headed]:::light headedness [\blight\s*?head.*?\b] [C0220870:Light-headed]:::light headned [\blight\s*?head.*?\b] [C0220870:Light-headed]:::lightheaded [\blight\s*?head.*?\b] [C0220870:Light-headed]:::light-headed [\blight-head.*?\b] [C0220870:Light-headed]:::lightheadness [\blight\s*?head.*?\b] [C0220870:Light-headed]:::ltheaded [\blthead.*?\b] [C0220870:Light-headed]:::
0,0,0,0,1,0,Faintness,Dizziness,Related concept,dizz,,Dizziness (finding),[404640003],C10.597.751.237,780.4,144,Dizziness,dizz [\bdizz\b] [C0012833:Dizzy]:::
0,0,0,0,1,1,BodyAches,BodyAches,Concept name,"acheness, achy,body ache,body aches,bodyache,bodyaches,bosy ache",,Muscle pain (finding),[68962001],,729.1,393,Myalgia,acheness [\bacheness\b] [C0741585:BODY ACHE]:::achy [\bachy\b] [C0741585:BODY ACHE]:::body ache [\bbody\s*?ache\b] [C0741585:BODY ACHE]:::body aches [\bbody\s*?ache.*?\b] [C0741585:BODY ACHE]:::bodyache [\bbody\s*?ache.*?\b] [C0741585:BODY ACHE]:::bodyaches [\bbody\s*?ache.*?\b] [C0741585:BODY ACHE]:::bosy ache [\bbosy\s*?ache\b] [C0741585:BODY ACHE]:::
0,0,0,0,1,1,BodyAches,Myalgia,Related concept,"malgaria,myalgia,myalgias,mylgias, muscle ach",,Muscle pain (finding),[68962001],,729.1,393,Myalgia,malgaria [\bmalgaria\b] [C0231528:Myalgia]:::myalgia [\bmyalgia\b] [C0231528:Myalgia]:::myalgias [\bmyalgias\b] [C0231528:Myalgia]:::mylgias [\bmylgias\b] [C0231528:Myalgia]:::muscle ach [\bmuscle\s*?ach.*?\b] [C0231528:Myalgia]:::
0,0,0,0,1,1,BodyAches,GeneralizedMuscleAches,Related concept,generalized muscle aches,,Muscle pain (finding),[68962001],,729.1,393,Myalgia,generalized muscle aches [\bgeneral.*?\s+muscl.*?\s+ache.*?\b] [C0746669:Generalised muscle aches]
0,0,0,0,1,1,Malaise,Malaise,Concept name,"listless,malise,malaise,feeling ill,feels ill,feels unwell,not feeling any better,not feeling well,doesn t feel too good,dont feel good, sick",sickle cell [\bsickle\s+cell\b]:::car sick [\bcar\s+sick.*?\b]:::motion sick [\bmotio.*?\s+sick.*?\b]:::altitude sick [\baltit.*?\s+sick.*?\b],Malaise (finding),[367391008],,780.7,396,Malaise,listless [\blistless\b] [C0231218:Malaise]:::malise [\bmalise\b] [C0231218:Malaise]:::malaise [\bmalaise\b] [C0231218:Malaise]:::feeling ill [\bfeel.*?\s+ill\b] [C0231218:Malaise]:::feels ill [\bfeel.*?\s+ill\b] [C0231218:Malaise]:::feels unwell [\bfeel.*?\s+unwel.*?\b] [C0231218:Malaise]:::not feeling any better [\bnot feeling any better\b] [C0231218:Malaise]:::not feeling well [\bnot feeling well\b] [C0231218:Malaise]:::doesn t feel too good [\bdoesn.?t feel too good\b] [C0231218:Malaise]:::dont feel good [\bdont feel good\b] [C0231218:Malaise]:::sick [\bsick\b] [C0231218:Malaise]:::doesn t feel too good [\bdoesn.?t feel too good\b] [C0231218:Malaise]:::dont feel good [\bdon.?t feel good\b] [C0231218:Malaise]:::feeling ill [\bfeel.*?\s+ill\b] [C0231218:Malaise]:::feeling sick [\bfeel.*?\s+sick\b] [C0231218:Malaise]:::feels ill [\bfeel.*?\s+ill\b] [C0231218:Malaise]:::feels sick [\bfeel.*?\s+sick\b] [C0231218:Malaise]:::feels unwell [\bfeel.*?\s+unwell\b] [C0231218:Malaise]:::not feeling any better [\bnot feeling any better\b] [C0231218:Malaise]:::not feeling well [\bnot feeling well\b] [C0231218:Malaise]:::sick [\bsick\b] [C0231218:Malaise]:::malise [\bmalise\b] [C0231218:Malaise]:::feeling ill [\bfeel.*?\s+ill\b] [C0231218:Malaise]:::feeling sick [\bfeel.*?\s+sick\b] [C0231218:Malaise]:::feels ill [\bfeel.*?\s+ill\b] [C0231218:Malaise]:::feels sick [\bfeel.*?\s+sick\b] [C0231218:Malaise]:::feels unwell [\bfeel.*?\s+unwell\b] [C0231218:Malaise]:::not feeling any better [\bnot feeling any better\b] [C0231218:Malaise]:::
0,0,0,0,1,0,Lymphadenopathy,Lymphadenopathy,Concept name,"enlarged glands,enlarged lymth,glands,lymphadanopathy,lymphadenopathy,lymphadenopathy,node swelling,swollen gland,swollen glands,swollen lymph node,swollen lymph nodes",,Lymphadenopathy (disorder),[30746006],C15.604,785.60,261,Lymph Node Swelling,enlarged glands [\benlarg.*?\s+gland.*?\b] [C0024228:Lymphadenopathy]:::lymphadanopathy [\blymphadanopathy\b] [C0024228:Lymphadenopathy]:::lymphadenopathy [\blymphadenopathy\b] [C0024228:Lymphadenopathy]:::lymphadenopathy [\bymphadenopathy\b] [C0024228:Lymphadenopathy]:::node swelling [\bnode\s+swell.*?\b] [C0024228:Lymphadenopathy]:::swollen gland [\bswoll.*?\s+gland\b] [C0024228:Lymphadenopathy]:::swollen glands [\bswoll.*?\s+glands?\b] [C0024228:Lymphadenopathy]:::swollen lymph node [\bswoll.*?\s+lymp.*?\s+node.?\b] [C0024228:Lymphadenopathy]:::swollen lymph nodes [\bswoll.*?\s+lymp.*?\s+node.?\b] [C0024228:Lymphadenopathy]:::
0,0,0,0,1,1,ViralSymptoms,ViralSymptoms,Concept name,"virus, viral",(gi|stomach|intestinal) virus [\b(gi|stomach|intestinal)\s+virus.*?\b]:::,,,,786,329,Symptom NOS,virus [\bvirus\b] [C0042769:virus]:::viral [\bviral\b] [C0042769:virus]:::
0,0,0,0,1,0,Anorexia,Anorexia,Concept name,"anorexia,appetite,eating disorder,not eating,not feeding,appitite,poor eating,poor feeding,apetite,(decreased|low|poor|dec|decr|refus) po",(increased|good|no loss of|normal) (appetite|apetite) [\b(increased|good|no loss|normal)\s+(appetite|apetite)\b]:::,Loss of appetite (finding),[79890006],C23.888.821.108,783,339,Anorexia,anorexia [\banorexia\b] [C0003123:Anorexia]:::appetite [\bappetite\b] [C0003123:Anorexia]:::eating disorder [\beating\s+disorder\b] [C0003123:Anorexia]:::not eating [\bnot\s+eating\b] [C0003123:Anorexia]:::not feeding [\bnot\s+feeding\b] [C0003123:Anorexia]:::appitite [\bappitite\b] [C0003123:Anorexia]:::poor eating [\bpoor\s+eating\b] [C0003123:Anorexia]:::poor feeding [\bpoor\s+feeding\b] [C0003123:Anorexia]:::apetite (decreased|low|poor|dec|decr|refus) [\b(appetite|apetite)\s+(decreased|decrease|low|poor|dec|decr|refuse|refused)\b] [C0003123:Anorexia]:::
0,0,0,0,1,0,Anorexia,Failure to thrive,Related concept,"f.t.t,failure to thrive,ftt",,Failure to thrive (disorder),[54840006],C23.550.393.225,783.41,396,Malaise,f.t.t [\bf\.t\.t\.] [C0015544:Failure to Thrive]:::failure to thrive [\bfailure\s+to\s+thrive\b] [C0015544:Failure to Thrive]:::ftt [\bftt\b] [C0015544:Failure to Thrive]:::
0,0,0,0,1,1,Lethargy,Lethargy,Concept name,"lathargic,lethagic,lethargic,lethargie,lethargy,lethary,letargia,letargica,letargico,lethargic",,Lethargy (finding),[214264003],C10.597.606.441,780.79,234,Altered Mental Status,lathargic [\bl(a|e)tharg.*?\b] [C0023380:Lethargy]:::lethagic [\bl(a|e)thag.*?\b] [C0023380:Lethargy]:::lethargic [\bl(a|e)tharg.*?\b] [C0023380:Lethargy]:::lethargie [\bl(a|e)tharg.*?\b] [C0023380:Lethargy]:::lethargy [\bl(a|e)tharg.*?\b] [C0023380:Lethargy]:::lethary [\bl(a|e)tharg.*?\b] [C0023380:Lethargy]:::letargia [\bl(a|e)targ.*?\b] [C0023380:Lethargy]:::letargica [\bl(a|e)targ.*?\b] [C0023380:Lethargy]:::letargico [\bl(a|e)targ.*?\b] [C0023380:Lethargy]:::lethargic [\bl(a|e)tharg.*?\b] [C0023380:Lethargy]:::
0,0,0,0,1,1,Lethargy,Fatigue,Related concept,"fatigue,fatigued,fatique,fitigue,fatigue,tired",,Fatigue (finding),[84229001],C23.888.369,780.79,380,Fatigue,fatigue [\bfatigu.*?\b] [C0015672:Fatigue]:::fatigued [\bfatigu.*?\b] [C0015672:Fatigue]:::fatique [\bfatiqu.*?\b] [C0015672:Fatigue]:::fitigue [\fitigu.*?\b] [C0015672:Fatigue]:::fatigue [\bfatig.*?\b] [C0015672:Fatigue]:::tired [\btired\b] [C0015672:Fatigue]:::
0,0,0,0,1,1,Lethargy,Somnolent,Related concept,"nodding off, sommolence, somnolence, somnolent, somnulent, sleepy,stay awake",,Fatigue (finding),[84229001],C10.886.425.800.200,780.79,234,Altered Mental Status,nodding off [\bnod.*?\s+off\b] [C0234450:Somnolent]:::sommolence [\bsommolence\b][C0234450:Somnolent]:::somnolence [\bsomnolence\b] [C0234450:Somnolent]:::somnolent [\bsomnolent\b] [C0234450:Somnolent]:::somnulent [\bsomnulent\b] [C0234450:Somnolent]:::sleepy [\bsleep.*?\b] [C0234450:Somnolent]:::stay awake [\bstay\s+awake\b] [C0234450:Somnolent]:::
0,0,0,0,1,1,Fever,Fever,Concept name,"fever,debrile,faver,febile,febrile,fevber,feveer,fever,feverd,fevers,fevr,fevrile,fuo,fv,fver,febile,febre,febril,fev,fiebre,feels hot, pyrexia",,Fever (finding),[386661006],C23.888.119.344,780.6,34,Fever,fever [\bfever\b] [C0015967:Fever]:::debrile [\bdebrile\b] [C0015967:Fever]:::faver [\bfaver\b] [C0015967:Fever]:::febile [\bfebile\b] [C0015967:Fever]:::febrile [\bfebrile\b] [C0015967:Fever]:::fevber [\bfevber\b] [C0015967:Fever]:::feveer [\feveer\b] [C0015967:Fever]:::fever [\bfever\b] [C0015967:Fever]:::feverd [\bfeverd\b] [C0015967:Fever]:::fevers [\bfevers\b] [C0015967:Fever]:::fevr [\bfevr\b] [C0015967:Fever]:::fevrile [\fevrile\b] [C0015967:Fever]:::fuo [\bfuo\b] [C0015967:Fever]:::fv [\bfv\b] [C0015967:Fever]:::fver [\bfver\b] [C0015967:Fever]:::febile [\bfebile\b] [C0015967:Fever]:::febre [\bfebre\b] [C0015967:Fever]:::febril [\bfebril\b] [C0015967:Fever]:::fev [\bfev\b] [C0015967:Fever]:::fiebre [\bfiebre\b] [C0015967:Fever]:::feels hot [\bfeel.*?\s+hot\b] [C0015967:Fever]:::pyrexia [\bpyrexia\b] [C0015967:Fever]:::
0,0,0,0,1,1,Fever,ElevatedTemperature,Synonym,"temp,temperature,increased temperature, hi temp, high temp, elevated temp,temp >, temp gt",temporal [\btemporal\b]:::temporary [\btemporary\b]:::attempt [\battempt\b]:::low temp [\blow\s+temp.*?\b]:::temp < [\btemp\s+<\b]:::temp lt [\btemp\s+lt\b]:::lo temp [\blo\s+temp.*?\b],Fever (finding),[386661006],C23.888.119.344,780.6,34,Fever,temp [\btemp\b] [C0015967:High temperature]:::temperature [\btemperature\b] [C0015967:High temperature]:::increased temperature [\bincrease.*?\s+temp.*?\b] [C0015967:High temperature]:::hi temp [\bhi.*?\s+temp.*?\b] [C0015967:High temperature]:::high temp [\bhi.*?\s+temp.*?\b] [C0015967:High temperature]:::elevated temp [\belevat.*?\s+temp.*?\b] [C0015967:High temperature]:::temp > [\btemp\s+>\b] [C0015967:High temperature]:::temp gt [\btemp\s+gt\b] [C0015967:High temperature]:::
0,0,0,0,1,0,Diaphoresis,Diaphoresis,Concept name,"clammy,diaphoresis,diaphoretic,night sweats,sweat,sweating,sweats",,Excessive sweating (finding),[52613005],,780.8,349,Diaphoresis,clammy [\bclammy\b] [C0392162:Clammy (Clammy skin)]:::diaphoresis [\bdiapho.*sis\b] [C0038990:Diaphoresis]:::diaphoretic  [\bdiaphoretic\b] [C1707737:Diaphoretic]:::night sweats [\bnight sweats?\b] [C0028081:Night sweats]:::sweat [\bsweat\b] [C0038990:SWEAT]:::sweating [\bsweating\b] [C0038990:Sweating] :::sweats [\bsweats\b] [C0038990:SWEATS]:::
0,0,0,0,1,1,Chills,Chills,Concept name,"chiles,chills,rigors,chiles,chills, shiver, shaking chills",,Chill (finding),[43724002],C23.888.208,780.6,34,Fever,chills [\bchills\b] [C0085593:Chills]:::chiles [\bchiles\b] [C0085593:Chills]:::rigors [\brigou?rs\b] [C0424790:RIGORS]:::chiles [\bchiles\b] [C0085593:Chills]:::shiver [\bshiver\b] [C0036973:SHIVERS]:::shaking chills [\bshaking\s+chill.*?\b] [C0036973:SHIVERS]:::
0,0,0,0,0,1,Chills,Rigors,Related concept,rigors rigours,,Rigor (finding),[38880002],C23.888.208,780.6,34,Fever,rigors [\brigou?rs\b] [C0424790:RIGORS]:::rigours [\brigou?rs\b] [C0424790:RIGORS]
0,0,0,0,1,0,Irritable,Irritable,Concept name,"irritable, irritability, cranky, crying, fussiness",,,,,780.91,319,Crying/Fussy Baby or Infant,irritable [\birritable\b] [C0022107:Irritable]::: irritability [\birritability\b] [C0022107:Irritable]:::cranky [\bcranky\b] [C0022107:Irritable]:::crying [\bcrying\b] [C0010399:Crying]:::fussiness [\bfussi.*?\b] [C0022107:Fussiness]:::
0,0,0,0,1,0,GeneralizedWeakness,GeneralizedWeakness,Concept name,generalized weakness,,,,C05.651.515,780.79,380,Fatigue,generalized weakness [\bgeneral.*?\sweak.*?\b] [C1883552:GENERALIZED WEAKNESS]:::